"SUID","abundance","degree","Label","matrix_number","name","negdegree","oriID","posdegree","samplecount","selected","shared name","unknowndegree"
"772","1.5672831906024399E-4","2","otu1896","matrix_1","otu1896","1","otu1896","1","5","false","otu1896","0"
"773","3.510588565308987E-4","21","OTU-EUK789","matrix_2","OTU-EUK789","21","OTU-EUK789","0","6","false","OTU-EUK789","0"
"775","1.6749902854159388E-4","4","otu1704","matrix_1","otu1704","4","otu1704","0","5","false","otu1704","0"
"776","0.023483900080293878","71","OTU-EUK110","matrix_2","OTU-EUK110","71","OTU-EUK110","0","5","false","OTU-EUK110","0"
"778","0.009366340758417645","16","otu118","matrix_1","otu118","16","otu118","0","5","false","otu118","0"
"779","0.01095488805719763","12","OTU-EUK267","matrix_2","OTU-EUK267","10","OTU-EUK267","2","8","false","OTU-EUK267","0"
"781","0.0011140952642968033","16","OTU-EUK462","matrix_2","OTU-EUK462","12","OTU-EUK462","4","8","false","OTU-EUK462","0"
"782","0.008260188419822975","5","otu110","matrix_1","otu110","0","otu110","5","9","false","otu110","0"
"784","9.107090572085934E-4","3","OTU-EUK307","matrix_2","OTU-EUK307","3","OTU-EUK307","0","5","false","OTU-EUK307","0"
"785","0.033558262364736295","15","otu39","matrix_1","otu39","15","otu39","0","9","false","otu39","0"
"787","4.3498245038108696E-4","65","OTU-EUK476","matrix_2","OTU-EUK476","56","OTU-EUK476","9","6","false","OTU-EUK476","0"
"788","3.343222798466023E-4","3","otu970","matrix_1","otu970","3","otu970","0","5","false","otu970","0"
"790","0.0017265948286118269","24","OTU-EUK434","matrix_2","OTU-EUK434","23","OTU-EUK434","1","5","false","OTU-EUK434","0"
"791","0.001080933929048165","6","otu59","matrix_1","otu59","4","otu59","2","9","false","otu59","0"
"793","3.1754087738509936E-4","4","otu680","matrix_1","otu680","4","otu680","0","5","false","otu680","0"
"794","0.003028180468972047","13","OTU-EUK381","matrix_2","OTU-EUK381","12","OTU-EUK381","1","6","false","OTU-EUK381","0"
"796","1.8873861021447038E-4","8","otu3548","matrix_1","otu3548","1","otu3548","7","5","false","otu3548","0"
"797","5.624310814350471E-4","3","OTU-EUK192","matrix_2","OTU-EUK192","0","OTU-EUK192","3","6","false","OTU-EUK192","0"
"799","0.001190850685277577","2","OTU-EUK656","matrix_2","OTU-EUK656","1","OTU-EUK656","1","6","false","OTU-EUK656","0"
"800","5.378640970529018E-4","33","otu1103","matrix_1","otu1103","1","otu1103","32","5","false","otu1103","0"
"802","0.0014620476399991355","23","OTU-EUK279","matrix_2","OTU-EUK279","23","OTU-EUK279","0","5","false","OTU-EUK279","0"
"803","1.7120478033578492E-4","5","otu1426","matrix_1","otu1426","2","otu1426","3","6","false","otu1426","0"
"805","4.057855369076845E-4","7","otu1193","matrix_1","otu1193","1","otu1193","6","7","false","otu1193","0"
"806","2.2619273362660243E-4","18","OTU-EUK1168","matrix_2","OTU-EUK1168","0","OTU-EUK1168","18","7","false","OTU-EUK1168","0"
"808","1.3993429533650832E-4","2","otu2642","matrix_1","otu2642","2","otu2642","0","6","false","otu2642","0"
"810","0.015516649704401475","9","OTU-EUK80","matrix_2","OTU-EUK80","4","OTU-EUK80","5","9","false","OTU-EUK80","0"
"811","0.006605930167414048","2","otu241","matrix_1","otu241","0","otu241","2","9","false","otu241","0"
"813","9.646678284601153E-5","11","otu1899","matrix_1","otu1899","6","otu1899","5","5","false","otu1899","0"
"814","0.0032548001756372096","94","OTU-EUK306","matrix_2","OTU-EUK306","94","OTU-EUK306","0","5","false","OTU-EUK306","0"
"816","0.012285138956143443","6","otu107","matrix_1","otu107","5","otu107","1","7","false","otu107","0"
"817","0.0015336118251463517","5","OTU-EUK127","matrix_2","OTU-EUK127","2","OTU-EUK127","3","7","false","OTU-EUK127","0"
"819","5.282115424201035E-4","1","otu848","matrix_1","otu848","1","otu848","0","5","false","otu848","0"
"820","5.661130789034469E-4","11","OTU-EUK357","matrix_2","OTU-EUK357","8","OTU-EUK357","3","6","false","OTU-EUK357","0"
"822","3.5471324122825524E-4","1","OTU-EUK910","matrix_2","OTU-EUK910","1","OTU-EUK910","0","6","false","OTU-EUK910","0"
"823","2.1671408665314745E-4","9","otu647","matrix_1","otu647","8","otu647","1","5","false","otu647","0"
"825","3.366886055139502E-4","1","OTU-EUK852","matrix_2","OTU-EUK852","0","OTU-EUK852","1","7","false","OTU-EUK852","0"
"826","3.80358370053908E-4","3","otu240","matrix_1","otu240","1","otu240","2","7","false","otu240","0"
"828","0.0019546494409443294","2","OTU-EUK225","matrix_2","OTU-EUK225","0","OTU-EUK225","2","8","false","OTU-EUK225","0"
"829","1.0928100017189741E-4","8","otu2606","matrix_1","otu2606","0","otu2606","8","7","false","otu2606","0"
"831","0.02830241948601778","1","otu4","matrix_1","otu4","0","otu4","1","10","false","otu4","0"
"832","0.007780796828366465","1","OTU-EUK162","matrix_2","OTU-EUK162","0","OTU-EUK162","1","10","false","OTU-EUK162","0"
"834","0.0010747220226244557","16","OTU-EUK283","matrix_2","OTU-EUK283","16","OTU-EUK283","0","6","false","OTU-EUK283","0"
"835","2.757566460567069E-4","16","otu771","matrix_1","otu771","7","otu771","9","5","false","otu771","0"
"837","2.1863595061434842E-4","3","otu1154","matrix_1","otu1154","1","otu1154","2","5","false","otu1154","0"
"838","0.0012319243268845389","5","OTU-EUK287","matrix_2","OTU-EUK287","5","OTU-EUK287","0","6","false","OTU-EUK287","0"
"840","0.008325462908852301","11","OTU-EUK212","matrix_2","OTU-EUK212","10","OTU-EUK212","1","7","false","OTU-EUK212","0"
"841","0.003478202560430987","8","otu180","matrix_1","otu180","8","otu180","0","6","false","otu180","0"
"843","1.262658914829218E-4","6","otu1195","matrix_1","otu1195","0","otu1195","6","5","false","otu1195","0"
"844","0.023758501086765856","7","OTU-EUK25","matrix_2","OTU-EUK25","0","OTU-EUK25","7","9","false","OTU-EUK25","0"
"846","1.719167960612582E-4","1","OTU-EUK561","matrix_2","OTU-EUK561","1","OTU-EUK561","0","5","false","OTU-EUK561","0"
"847","1.8788986442151243E-4","2","otu727","matrix_1","otu727","1","otu727","1","7","false","otu727","0"
"849","0.0035363468130263217","3","otu281","matrix_1","otu281","3","otu281","0","7","false","otu281","0"
"851","2.1935083903914376E-4","8","otu1626","matrix_1","otu1626","2","otu1626","6","6","false","otu1626","0"
"852","9.129957161803358E-4","18","OTU-EUK299","matrix_2","OTU-EUK299","17","OTU-EUK299","1","7","false","OTU-EUK299","0"
"854","0.0020987334787802413","1","otu348","matrix_1","otu348","0","otu348","1","9","false","otu348","0"
"855","0.0010668932275341748","29","OTU-EUK261","matrix_2","OTU-EUK261","0","OTU-EUK261","29","9","false","OTU-EUK261","0"
"857","0.0050851790379154846","15","OTU-EUK200","matrix_2","OTU-EUK200","0","OTU-EUK200","15","7","false","OTU-EUK200","0"
"858","3.0277257674672707E-4","2","otu1235","matrix_1","otu1235","1","otu1235","1","5","false","otu1235","0"
"860","0.0036989600567365363","2","otu204","matrix_1","otu204","0","otu204","2","8","false","otu204","0"
"861","7.951546706562741E-4","29","OTU-EUK201","matrix_2","OTU-EUK201","3","OTU-EUK201","26","5","false","OTU-EUK201","0"
"863","9.198931417371645E-5","4","otu3515","matrix_1","otu3515","0","otu3515","4","5","false","otu3515","0"
"864","0.0028198235037767876","1","OTU-EUK229","matrix_2","OTU-EUK229","0","OTU-EUK229","1","9","false","OTU-EUK229","0"
"866","3.206440022966123E-4","20","otu215","matrix_1","otu215","19","otu215","1","6","false","otu215","0"
"867","0.0017470361745499862","7","OTU-EUK335","matrix_2","OTU-EUK335","7","OTU-EUK335","0","5","false","OTU-EUK335","0"
"869","2.123142144922923E-4","7","OTU-EUK1171","matrix_2","OTU-EUK1171","7","OTU-EUK1171","0","5","false","OTU-EUK1171","0"
"872","8.0621513700169E-5","2","otu3146","matrix_1","otu3146","0","otu3146","2","5","false","otu3146","0"
"873","4.022459147702123E-4","7","OTU-EUK438","matrix_2","OTU-EUK438","0","OTU-EUK438","7","5","false","OTU-EUK438","0"
"875","0.0026991107984664976","8","otu450","matrix_1","otu450","6","otu450","2","6","false","otu450","0"
"876","0.004488694307683732","2","OTU-EUK341","matrix_2","OTU-EUK341","2","OTU-EUK341","0","5","false","OTU-EUK341","0"
"878","0.0011647927811075987","2","OTU-EUK569","matrix_2","OTU-EUK569","0","OTU-EUK569","2","8","false","OTU-EUK569","0"
"880","6.872753421148438E-4","4","otu531","matrix_1","otu531","4","otu531","0","5","false","otu531","0"
"882","0.0014146213555016874","8","OTU-EUK506","matrix_2","OTU-EUK506","7","OTU-EUK506","1","5","false","OTU-EUK506","0"
"883","0.0015226702048602302","14","otu311","matrix_1","otu311","14","otu311","0","6","false","otu311","0"
"886","0.025360512404982483","1","OTU-EUK21","matrix_2","OTU-EUK21","1","OTU-EUK21","0","10","false","OTU-EUK21","0"
"887","1.3328589828501573E-4","1","otu4291","matrix_1","otu4291","1","otu4291","0","5","false","otu4291","0"
"889","2.2735879121270873E-4","2","otu2142","matrix_1","otu2142","1","otu2142","1","5","false","otu2142","0"
"890","0.0027828811899237903","5","OTU-EUK170","matrix_2","OTU-EUK170","5","OTU-EUK170","0","7","false","OTU-EUK170","0"
"892","2.1033426969612417E-4","4","otu1047","matrix_1","otu1047","4","otu1047","0","5","false","otu1047","0"
"894","0.0032279044886429236","2","OTU-EUK368","matrix_2","OTU-EUK368","1","OTU-EUK368","1","7","false","OTU-EUK368","0"
"896","0.0030300782006792482","1","OTU-EUK238","matrix_2","OTU-EUK238","1","OTU-EUK238","0","7","false","OTU-EUK238","0"
"898","8.91513690871906E-5","7","otu2213","matrix_1","otu2213","0","otu2213","7","5","false","otu2213","0"
"899","5.391210760558082E-4","14","OTU-EUK618","matrix_2","OTU-EUK618","0","OTU-EUK618","14","5","false","OTU-EUK618","0"
"901","0.0012361610818109202","2","OTU-EUK257","matrix_2","OTU-EUK257","2","OTU-EUK257","0","7","false","OTU-EUK257","0"
"902","1.2731196256039404E-4","3","otu1840","matrix_1","otu1840","1","otu1840","2","5","false","otu1840","0"
"904","9.156844227626647E-5","2","otu1258","matrix_1","otu1258","2","otu1258","0","5","false","otu1258","0"
"906","2.3557785037645442E-4","4","otu953","matrix_1","otu953","4","otu953","0","5","false","otu953","0"
"908","1.1444872610544577E-4","2","otu385","matrix_1","otu385","2","otu385","0","5","false","otu385","0"
"909","2.5056848747532736E-4","39","OTU-EUK1129","matrix_2","OTU-EUK1129","31","OTU-EUK1129","8","6","false","OTU-EUK1129","0"
"911","5.447607997720377E-5","29","OTU-EUK2159","matrix_2","OTU-EUK2159","0","OTU-EUK2159","29","5","false","OTU-EUK2159","0"
"913","0.0019257745825204385","16","OTU-EUK241","matrix_2","OTU-EUK241","0","OTU-EUK241","16","6","false","OTU-EUK241","0"
"914","1.74284677147759E-4","7","otu729","matrix_1","otu729","2","otu729","5","6","false","otu729","0"
"916","1.2099721303484735E-4","9","otu2395","matrix_1","otu2395","7","otu2395","2","5","false","otu2395","0"
"917","0.003194666227957524","14","OTU-EUK173","matrix_2","OTU-EUK173","0","OTU-EUK173","14","7","false","OTU-EUK173","0"
"919","0.0018523200396093772","7","OTU-EUK185","matrix_2","OTU-EUK185","0","OTU-EUK185","7","7","false","OTU-EUK185","0"
"921","1.6969313197843337E-4","6","otu997","matrix_1","otu997","2","otu997","4","5","false","otu997","0"
"922","0.001663778553461716","6","OTU-EUK385","matrix_2","OTU-EUK385","4","OTU-EUK385","2","7","false","OTU-EUK385","0"
"924","0.001045090456127447","3","otu169","matrix_1","otu169","3","otu169","0","6","false","otu169","0"
"926","0.011595216861053251","6","OTU-EUK106","matrix_2","OTU-EUK106","1","OTU-EUK106","5","6","false","OTU-EUK106","0"
"927","4.5825796851790205E-4","8","otu901","matrix_1","otu901","1","otu901","7","5","false","otu901","0"
"929","4.2235795787284777E-4","4","otu126","matrix_1","otu126","1","otu126","3","5","false","otu126","0"
"930","0.002304294345284799","6","OTU-EUK475","matrix_2","OTU-EUK475","0","OTU-EUK475","6","9","false","OTU-EUK475","0"
"932","1.856429360488265E-4","25","OTU-EUK1172","matrix_2","OTU-EUK1172","0","OTU-EUK1172","25","5","false","OTU-EUK1172","0"
"934","0.016415649169586325","1","otu18","matrix_1","otu18","0","otu18","1","10","false","otu18","0"
"935","0.013563573596556525","2","OTU-EUK46","matrix_2","OTU-EUK46","0","OTU-EUK46","2","10","false","OTU-EUK46","0"
"937","5.940005349428329E-4","5","otu722","matrix_1","otu722","4","otu722","1","6","false","otu722","0"
"939","0.05422328238968572","1","otu62","matrix_1","otu62","0","otu62","1","10","false","otu62","0"
"941","7.656285760129405E-5","9","OTU-EUK2013","matrix_2","OTU-EUK2013","0","OTU-EUK2013","9","5","false","OTU-EUK2013","0"
"942","6.533098290141341E-4","3","otu587","matrix_1","otu587","1","otu587","2","6","false","otu587","0"
"944","0.0032924876843118452","20","OTU-EUK471","matrix_2","OTU-EUK471","18","OTU-EUK471","2","6","false","OTU-EUK471","0"
"945","0.0016691149660458967","21","otu347","matrix_1","otu347","21","otu347","0","5","false","otu347","0"
"948","0.0014631059671127349","2","otu96","matrix_1","otu96","0","otu96","2","9","false","otu96","0"
"949","0.001650813774814972","9","OTU-EUK100","matrix_2","OTU-EUK100","0","OTU-EUK100","9","8","false","OTU-EUK100","0"
"951","1.968696219907606E-4","3","otu936","matrix_1","otu936","3","otu936","0","5","false","otu936","0"
"953","0.00205024812425805","3","otu300","matrix_1","otu300","1","otu300","2","10","false","otu300","0"
"955","2.6101040773541823E-4","3","otu932","matrix_1","otu932","3","otu932","0","5","false","otu932","0"
"957","0.002067485463870963","9","OTU-EUK495","matrix_2","OTU-EUK495","9","OTU-EUK495","0","5","false","OTU-EUK495","0"
"958","0.004483410824846677","18","otu45","matrix_1","otu45","17","otu45","1","6","false","otu45","0"
"960","3.095964209603632E-4","5","otu527","matrix_1","otu527","4","otu527","1","5","false","otu527","0"
"963","3.766579180425461E-4","22","OTU-EUK1042","matrix_2","OTU-EUK1042","22","OTU-EUK1042","0","6","false","OTU-EUK1042","0"
"965","3.645731746006983E-4","3","otu675","matrix_1","otu675","0","otu675","3","7","false","otu675","0"
"968","5.138255420986109E-4","1","otu658","matrix_1","otu658","1","otu658","0","6","false","otu658","0"
"970","0.0010958468753439919","2","otu567","matrix_1","otu567","0","otu567","2","7","false","otu567","0"
"972","1.288867966043615E-4","2","otu1719","matrix_1","otu1719","0","otu1719","2","5","false","otu1719","0"
"974","0.032911762883772275","16","OTU-EUK72","matrix_2","OTU-EUK72","16","OTU-EUK72","0","6","false","OTU-EUK72","0"
"976","3.9694511229516536E-4","4","otu645","matrix_1","otu645","3","otu645","1","5","false","otu645","0"
"978","1.9834538349137055E-4","9","otu964","matrix_1","otu964","3","otu964","6","6","false","otu964","0"
"980","0.004556444288367721","20","OTU-EUK137","matrix_2","OTU-EUK137","18","OTU-EUK137","2","5","false","OTU-EUK137","0"
"981","0.0021184215282072953","1","otu176","matrix_1","otu176","1","otu176","0","8","false","otu176","0"
"983","1.5487787100087374E-4","10","otu1523","matrix_1","otu1523","5","otu1523","5","5","false","otu1523","0"
"984","0.005928520405148005","5","OTU-EUK120","matrix_2","OTU-EUK120","0","OTU-EUK120","5","6","false","OTU-EUK120","0"
"986","1.2938030272617807E-4","3","otu1488","matrix_1","otu1488","3","otu1488","0","5","false","otu1488","0"
"988","3.673784022308287E-4","11","OTU-EUK652","matrix_2","OTU-EUK652","0","OTU-EUK652","11","6","false","OTU-EUK652","0"
"989","1.3390278401961172E-4","3","otu1797","matrix_1","otu1797","1","otu1797","2","5","false","otu1797","0"
"993","2.4353270272536352E-4","2","OTU-EUK631","matrix_2","OTU-EUK631","2","OTU-EUK631","0","6","false","OTU-EUK631","0"
"994","4.838279419470782E-4","2","otu761","matrix_1","otu761","1","otu761","1","8","false","otu761","0"
"996","2.2161693694516701E-4","3","otu1297","matrix_1","otu1297","3","otu1297","0","5","false","otu1297","0"
"998","6.327402550321578E-4","5","otu811","matrix_1","otu811","5","otu811","0","5","false","otu811","0"
"1000","5.405951721289148E-4","7","otu690","matrix_1","otu690","7","otu690","0","5","false","otu690","0"
"1003","1.0543793331070327E-4","5","otu2326","matrix_1","otu2326","1","otu2326","4","6","false","otu2326","0"
"1004","0.0022489064895075796","5","OTU-EUK251","matrix_2","OTU-EUK251","0","OTU-EUK251","5","8","false","OTU-EUK251","0"
"1006","8.694181359872673E-4","8","otu426","matrix_1","otu426","7","otu426","1","5","false","otu426","0"
"1008","1.0699702115428463E-4","2","otu1529","matrix_1","otu1529","0","otu1529","2","5","false","otu1529","0"
"1010","0.0012382288036125327","11","OTU-EUK172","matrix_2","OTU-EUK172","0","OTU-EUK172","11","5","false","OTU-EUK172","0"
"1012","0.014918515971627343","2","otu109","matrix_1","otu109","0","otu109","2","10","false","otu109","0"
"1013","9.223125014272921E-5","4","OTU-EUK2313","matrix_2","OTU-EUK2313","0","OTU-EUK2313","4","6","false","OTU-EUK2313","0"
"1015","5.046303571196304E-4","3","otu364","matrix_1","otu364","0","otu364","3","5","false","otu364","0"
"1018","1.789331359518246E-4","7","otu1312","matrix_1","otu1312","6","otu1312","1","5","false","otu1312","0"
"1022","0.0016239849868881582","2","otu105","matrix_1","otu105","0","otu105","2","6","false","otu105","0"
"1024","1.573875373540347E-4","2","OTU-EUK1833","matrix_2","OTU-EUK1833","0","OTU-EUK1833","2","5","false","OTU-EUK1833","0"
"1025","1.94207232750717E-4","5","otu1295","matrix_1","otu1295","2","otu1295","3","7","false","otu1295","0"
"1027","9.954367157721556E-5","32","OTU-EUK889","matrix_2","OTU-EUK889","0","OTU-EUK889","32","5","false","OTU-EUK889","0"
"1029","0.0018548057474353805","2","otu361","matrix_1","otu361","0","otu361","2","8","false","otu361","0"
"1031","2.3745689509792973E-4","5","otu1015","matrix_1","otu1015","2","otu1015","3","6","false","otu1015","0"
"1034","0.0037813431746572344","5","otu167","matrix_1","otu167","5","otu167","0","6","false","otu167","0"
"1036","8.241429565885285E-4","7","otu417","matrix_1","otu417","7","otu417","0","5","false","otu417","0"
"1039","1.4159855246418537E-4","2","otu916","matrix_1","otu916","0","otu916","2","5","false","otu916","0"
"1041","2.3125998276836415E-4","14","otu699","matrix_1","otu699","2","otu699","12","5","false","otu699","0"
"1043","1.2535756801144315E-4","8","OTU-EUK803","matrix_2","OTU-EUK803","0","OTU-EUK803","8","5","false","OTU-EUK803","0"
"1044","8.887056011153973E-4","2","otu572","matrix_1","otu572","0","otu572","2","6","false","otu572","0"
"1046","4.746843730269503E-4","4","otu617","matrix_1","otu617","3","otu617","1","5","false","otu617","0"
"1048","0.0017958306033425742","2","otu329","matrix_1","otu329","0","otu329","2","8","false","otu329","0"
"1050","0.02192603782029958","1","otu104","matrix_1","otu104","0","otu104","1","10","false","otu104","0"
"1051","7.021959746817974E-4","6","OTU-EUK624","matrix_2","OTU-EUK624","0","OTU-EUK624","6","7","false","OTU-EUK624","0"
"1053","2.680529377475333E-4","3","otu659","matrix_1","otu659","3","otu659","0","5","false","otu659","0"
"1055","3.590336906978267E-4","9","OTU-EUK493","matrix_2","OTU-EUK493","0","OTU-EUK493","9","6","false","OTU-EUK493","0"
"1056","5.5516428547877444E-5","14","otu5762","matrix_1","otu5762","6","otu5762","8","5","false","otu5762","0"
"1058","7.162579771371526E-4","10","OTU-EUK426","matrix_2","OTU-EUK426","0","OTU-EUK426","10","9","false","OTU-EUK426","0"
"1059","1.0514024964836073E-4","3","otu3537","matrix_1","otu3537","0","otu3537","3","7","false","otu3537","0"
"1061","7.662689533333283E-4","7","OTU-EUK452","matrix_2","OTU-EUK452","0","OTU-EUK452","7","6","false","OTU-EUK452","0"
"1063","1.2450462024479823E-4","12","OTU-EUK1610","matrix_2","OTU-EUK1610","0","OTU-EUK1610","12","7","false","OTU-EUK1610","0"
"1064","0.001496490657516249","2","otu344","matrix_1","otu344","0","otu344","2","8","false","otu344","0"
"1066","1.89610807125634E-4","5","otu872","matrix_1","otu872","3","otu872","2","6","false","otu872","0"
"1070","6.832593832793816E-5","8","otu2933","matrix_1","otu2933","5","otu2933","3","5","false","otu2933","0"
"1072","1.8904315366304684E-4","21","OTU-EUK598","matrix_2","OTU-EUK598","0","OTU-EUK598","21","6","false","OTU-EUK598","0"
"1074","0.0021278117487534263","7","OTU-EUK431","matrix_2","OTU-EUK431","7","OTU-EUK431","0","5","false","OTU-EUK431","0"
"1075","0.0016836561689909208","16","otu244","matrix_1","otu244","16","otu244","0","5","false","otu244","0"
"1077","9.71105997487628E-5","6","otu999","matrix_1","otu999","1","otu999","5","6","false","otu999","0"
"1079","8.003281639922513E-5","1","otu1334","matrix_1","otu1334","1","otu1334","0","6","false","otu1334","0"
"1080","0.0014747891274980317","2","OTU-EUK278","matrix_2","OTU-EUK278","2","OTU-EUK278","0","10","false","OTU-EUK278","0"
"1082","0.003435510263452109","1","otu283","matrix_1","otu283","1","otu283","0","10","false","otu283","0"
"1083","0.002483578135442656","22","OTU-EUK373","matrix_2","OTU-EUK373","22","OTU-EUK373","0","5","false","OTU-EUK373","0"
"1085","0.0014549840034193628","16","OTU-EUK457","matrix_2","OTU-EUK457","16","OTU-EUK457","0","6","false","OTU-EUK457","0"
"1087","0.002355397931785538","6","OTU-EUK339","matrix_2","OTU-EUK339","0","OTU-EUK339","6","5","false","OTU-EUK339","0"
"1088","9.484294173453166E-5","12","otu2877","matrix_1","otu2877","1","otu2877","11","5","false","otu2877","0"
"1090","1.839468322662431E-4","10","otu976","matrix_1","otu976","1","otu976","9","5","false","otu976","0"
"1092","0.004441384131925656","2","OTU-EUK91","matrix_2","OTU-EUK91","2","OTU-EUK91","0","9","false","OTU-EUK91","0"
"1093","1.2640572060781981E-4","1","otu3652","matrix_1","otu3652","1","otu3652","0","5","false","otu3652","0"
"1096","1.010616300553747E-4","19","otu2513","matrix_1","otu2513","8","otu2513","11","5","false","otu2513","0"
"1098","9.833877029736965E-5","1","otu2498","matrix_1","otu2498","0","otu2498","1","5","false","otu2498","0"
"1099","0.0012736657682072198","9","OTU-EUK356","matrix_2","OTU-EUK356","0","OTU-EUK356","9","9","false","OTU-EUK356","0"
"1101","0.0013096092250660266","2","otu484","matrix_1","otu484","1","otu484","1","8","false","otu484","0"
"1102","2.8223011633165423E-4","3","OTU-EUK854","matrix_2","OTU-EUK854","3","OTU-EUK854","0","5","false","OTU-EUK854","0"
"1105","7.276183763001538E-4","1","OTU-EUK470","matrix_2","OTU-EUK470","1","OTU-EUK470","0","5","false","OTU-EUK470","0"
"1106","3.8923444797066205E-4","2","otu506","matrix_1","otu506","2","otu506","0","6","false","otu506","0"
"1109","5.569718488689847E-4","17","OTU-EUK277","matrix_2","OTU-EUK277","0","OTU-EUK277","17","5","false","OTU-EUK277","0"
"1112","2.762483798615101E-4","5","otu894","matrix_1","otu894","4","otu894","1","5","false","otu894","0"
"1114","0.002910688644228921","11","otu222","matrix_1","otu222","11","otu222","0","6","false","otu222","0"
"1116","0.006936378330580231","17","OTU-EUK266","matrix_2","OTU-EUK266","17","OTU-EUK266","0","5","false","OTU-EUK266","0"
"1119","2.010397481057472E-4","1","otu555","matrix_1","otu555","0","otu555","1","5","false","otu555","0"
"1122","0.15229412834265682","2","OTU-EUK10","matrix_2","OTU-EUK10","2","OTU-EUK10","0","10","false","OTU-EUK10","0"
"1123","1.1286985509458616E-4","1","otu3011","matrix_1","otu3011","1","otu3011","0","5","false","otu3011","0"
"1125","0.009024504993216192","2","OTU-EUK109","matrix_2","OTU-EUK109","0","OTU-EUK109","2","9","false","OTU-EUK109","0"
"1127","6.186105957413351E-4","7","otu375","matrix_1","otu375","1","otu375","6","5","false","otu375","0"
"1128","4.929828094793424E-4","6","OTU-EUK374","matrix_2","OTU-EUK374","1","OTU-EUK374","5","5","false","OTU-EUK374","0"
"1130","2.890621029303116E-4","3","otu891","matrix_1","otu891","3","otu891","0","5","false","otu891","0"
"1132","0.0010946223295179628","1","otu433","matrix_1","otu433","0","otu433","1","8","false","otu433","0"
"1134","1.866044107156356E-4","7","otu1475","matrix_1","otu1475","3","otu1475","4","6","false","otu1475","0"
"1136","7.405888067460345E-5","10","otu1474","matrix_1","otu1474","5","otu1474","5","5","false","otu1474","0"
"1139","2.0794670718927256E-4","3","otu944","matrix_1","otu944","3","otu944","0","5","false","otu944","0"
"1142","0.0011523651140645133","25","OTU-EUK725","matrix_2","OTU-EUK725","24","OTU-EUK725","1","5","false","OTU-EUK725","0"
"1144","0.0025835077859358486","2","otu323","matrix_1","otu323","0","otu323","2","10","false","otu323","0"
"1146","5.189453880211571E-4","2","otu798","matrix_1","otu798","1","otu798","1","6","false","otu798","0"
"1148","8.59265637783025E-5","1","otu2926","matrix_1","otu2926","1","otu2926","0","6","false","otu2926","0"
"1149","3.9662426346723044E-4","1","OTU-EUK639","matrix_2","OTU-EUK639","1","OTU-EUK639","0","8","false","OTU-EUK639","0"
"1151","5.1689046162482094E-5","3","otu4256","matrix_1","otu4256","1","otu4256","2","5","false","otu4256","0"
"1153","2.318709284385733E-4","3","otu746","matrix_1","otu746","3","otu746","0","5","false","otu746","0"
"1156","3.2079267288307985E-4","1","otu1260","matrix_1","otu1260","1","otu1260","0","6","false","otu1260","0"
"1158","7.953018449304134E-4","6","otu65","matrix_1","otu65","6","otu65","0","5","false","otu65","0"
"1160","0.002129961119287639","1","OTU-EUK221","matrix_2","OTU-EUK221","0","OTU-EUK221","1","7","false","OTU-EUK221","0"
"1162","1.090727546158925E-4","2","otu4575","matrix_1","otu4575","1","otu4575","1","5","false","otu4575","0"
"1163","5.483978040830535E-4","1","OTU-EUK565","matrix_2","OTU-EUK565","1","OTU-EUK565","0","8","false","OTU-EUK565","0"
"1165","0.02020457904534858","1","OTU-EUK65","matrix_2","OTU-EUK65","1","OTU-EUK65","0","5","false","OTU-EUK65","0"
"1167","0.0011579672003768035","5","OTU-EUK653","matrix_2","OTU-EUK653","2","OTU-EUK653","3","6","false","OTU-EUK653","0"
"1169","1.1553785347127982E-4","2","otu2162","matrix_1","otu2162","0","otu2162","2","5","false","otu2162","0"
"1171","3.0632282189673626E-4","4","otu330","matrix_1","otu330","4","otu330","0","5","false","otu330","0"
"1176","1.5414300328195503E-4","7","otu1105","matrix_1","otu1105","0","otu1105","7","6","false","otu1105","0"
"1178","1.8242805274731834E-4","1","OTU-EUK1212","matrix_2","OTU-EUK1212","1","OTU-EUK1212","0","5","false","OTU-EUK1212","0"
"1179","7.330719696414558E-4","3","otu875","matrix_1","otu875","3","otu875","0","7","false","otu875","0"
"1182","9.305298407105925E-5","6","otu1783","matrix_1","otu1783","1","otu1783","5","5","false","otu1783","0"
"1183","0.00175848400045679","2","OTU-EUK159","matrix_2","OTU-EUK159","0","OTU-EUK159","2","5","false","OTU-EUK159","0"
"1185","1.636189472479853E-4","2","otu1164","matrix_1","otu1164","2","otu1164","0","8","false","otu1164","0"
"1186","0.010425045780875919","2","OTU-EUK66","matrix_2","OTU-EUK66","1","OTU-EUK66","1","9","false","OTU-EUK66","0"
"1188","1.583145707059749E-4","15","otu2403","matrix_1","otu2403","8","otu2403","7","5","false","otu2403","0"
"1190","2.733785379643278E-4","2","otu1420","matrix_1","otu1420","0","otu1420","2","5","false","otu1420","0"
"1192","5.977170044282964E-4","6","OTU-EUK697","matrix_2","OTU-EUK697","0","OTU-EUK697","6","5","false","OTU-EUK697","0"
"1193","7.724868073095239E-5","16","otu1286","matrix_1","otu1286","3","otu1286","13","5","false","otu1286","0"
"1195","3.7550911213603396E-4","1","OTU-EUK1320","matrix_2","OTU-EUK1320","0","OTU-EUK1320","1","5","false","OTU-EUK1320","0"
"1196","1.2019529039307895E-4","2","otu962","matrix_1","otu962","0","otu962","2","5","false","otu962","0"
"1198","3.5715685842446115E-4","3","otu1116","matrix_1","otu1116","0","otu1116","3","5","false","otu1116","0"
"1200","1.394767377959827E-4","6","otu1699","matrix_1","otu1699","2","otu1699","4","6","false","otu1699","0"
"1202","1.1348629182694876E-4","7","otu1622","matrix_1","otu1622","5","otu1622","2","6","false","otu1622","0"
"1203","0.0017787285219354311","1","OTU-EUK156","matrix_2","OTU-EUK156","1","OTU-EUK156","0","5","false","OTU-EUK156","0"
"1205","1.959095859100674E-4","5","otu3348","matrix_1","otu3348","3","otu3348","2","6","false","otu3348","0"
"1206","7.67820346690159E-4","1","OTU-EUK582","matrix_2","OTU-EUK582","1","OTU-EUK582","0","6","false","OTU-EUK582","0"
"1209","0.010231657555310787","4","otu133","matrix_1","otu133","0","otu133","4","10","false","otu133","0"
"1210","0.0020664197612339833","7","OTU-EUK396","matrix_2","OTU-EUK396","0","OTU-EUK396","7","10","false","OTU-EUK396","0"
"1212","0.11872930901898905","5","OTU-EUK7","matrix_2","OTU-EUK7","5","OTU-EUK7","0","10","false","OTU-EUK7","0"
"1213","1.8568319937455042E-4","2","otu598","matrix_1","otu598","2","otu598","0","5","false","otu598","0"
"1216","3.5975920914903774E-4","3","OTU-EUK698","matrix_2","OTU-EUK698","0","OTU-EUK698","3","5","false","OTU-EUK698","0"
"1218","2.3933270651733962E-4","3","otu1318","matrix_1","otu1318","3","otu1318","0","5","false","otu1318","0"
"1220","0.0029704413581190976","1","otu305","matrix_1","otu305","1","otu305","0","10","false","otu305","0"
"1221","0.007070470205257805","3","OTU-EUK193","matrix_2","OTU-EUK193","3","OTU-EUK193","0","10","false","OTU-EUK193","0"
"1224","4.069089549563988E-4","9","otu594","matrix_1","otu594","9","otu594","0","5","false","otu594","0"
"1225","0.0012815961754970775","1","OTU-EUK593","matrix_2","OTU-EUK593","1","OTU-EUK593","0","7","false","OTU-EUK593","0"
"1227","0.002026469585223082","11","OTU-EUK513","matrix_2","OTU-EUK513","10","OTU-EUK513","1","5","false","OTU-EUK513","0"
"1229","0.0011217393993547414","6","OTU-EUK347","matrix_2","OTU-EUK347","4","OTU-EUK347","2","5","false","OTU-EUK347","0"
"1233","4.2162645040603227E-4","1","OTU-EUK682","matrix_2","OTU-EUK682","0","OTU-EUK682","1","8","false","OTU-EUK682","0"
"1234","1.8536591417399673E-4","6","otu1067","matrix_1","otu1067","0","otu1067","6","8","false","otu1067","0"
"1237","4.426096141241824E-5","4","otu3142","matrix_1","otu3142","1","otu3142","3","5","false","otu3142","0"
"1239","6.671023328315056E-5","2","otu4211","matrix_1","otu4211","1","otu4211","1","5","false","otu4211","0"
"1242","9.403456838799578E-5","8","otu2081","matrix_1","otu2081","4","otu2081","4","5","false","otu2081","0"
"1245","0.008682525722372665","3","otu141","matrix_1","otu141","1","otu141","2","10","false","otu141","0"
"1247","1.9883507086393927E-4","6","otu839","matrix_1","otu839","4","otu839","2","6","false","otu839","0"
"1248","1.6831023106725568E-4","1","OTU-EUK1014","matrix_2","OTU-EUK1014","1","OTU-EUK1014","0","6","false","OTU-EUK1014","0"
"1251","1.8125864945556087E-4","1","otu1046","matrix_1","otu1046","0","otu1046","1","6","false","otu1046","0"
"1252","4.1143968987771007E-4","5","OTU-EUK401","matrix_2","OTU-EUK401","0","OTU-EUK401","5","7","false","OTU-EUK401","0"
"1254","0.0015489466093906174","4","OTU-EUK505","matrix_2","OTU-EUK505","3","OTU-EUK505","1","6","false","OTU-EUK505","0"
"1256","0.0019807522270940507","4","otu352","matrix_1","otu352","1","otu352","3","7","false","otu352","0"
"1258","1.2013579154835544E-4","2","otu1373","matrix_1","otu1373","1","otu1373","1","5","false","otu1373","0"
"1260","6.683843408505041E-4","1","otu870","matrix_1","otu870","0","otu870","1","5","false","otu870","0"
"1262","0.002413015194823591","2","otu395","matrix_1","otu395","2","otu395","0","7","false","otu395","0"
"1265","0.002671553835848136","2","OTU-EUK203","matrix_2","OTU-EUK203","0","OTU-EUK203","2","8","false","OTU-EUK203","0"
"1268","0.0021252687881365513","13","otu194","matrix_1","otu194","12","otu194","1","5","false","otu194","0"
"1270","8.579708551982416E-4","2","otu459","matrix_1","otu459","2","otu459","0","6","false","otu459","0"
"1272","5.300909582112612E-4","1","otu721","matrix_1","otu721","0","otu721","1","9","false","otu721","0"
"1273","8.964179027336148E-5","14","OTU-EUK129","matrix_2","OTU-EUK129","0","OTU-EUK129","14","7","false","OTU-EUK129","0"
"1275","2.8457459286608896E-4","1","otu192","matrix_1","otu192","0","otu192","1","6","false","otu192","0"
"1276","3.6580460831101745E-4","1","OTU-EUK839","matrix_2","OTU-EUK839","0","OTU-EUK839","1","5","false","OTU-EUK839","0"
"1278","0.0013363717907890643","13","otu293","matrix_1","otu293","13","otu293","0","5","false","otu293","0"
"1280","1.330245714259616E-4","5","otu1503","matrix_1","otu1503","0","otu1503","5","5","false","otu1503","0"
"1281","0.00774978351346432","2","OTU-EUK130","matrix_2","OTU-EUK130","0","OTU-EUK130","2","8","false","OTU-EUK130","0"
"1283","2.8035602844854246E-4","3","otu259","matrix_1","otu259","3","otu259","0","5","false","otu259","0"
"1286","0.0016122235731249781","6","OTU-EUK363","matrix_2","OTU-EUK363","0","OTU-EUK363","6","7","false","OTU-EUK363","0"
"1289","9.220844578533681E-5","9","otu3752","matrix_1","otu3752","6","otu3752","3","5","false","otu3752","0"
"1291","0.0012916211152052335","8","OTU-EUK644","matrix_2","OTU-EUK644","0","OTU-EUK644","8","8","false","OTU-EUK644","0"
"1292","0.19064578131105744","1","otu6","matrix_1","otu6","0","otu6","1","10","false","otu6","0"
"1294","1.9562317606096064E-4","1","otu3318","matrix_1","otu3318","0","otu3318","1","5","false","otu3318","0"
"1296","2.101966656745628E-4","6","otu1691","matrix_1","otu1691","0","otu1691","6","5","false","otu1691","0"
"1299","2.1827379326402142E-4","11","otu397","matrix_1","otu397","8","otu397","3","5","false","otu397","0"
"1300","0.0011595569406357147","2","OTU-EUK587","matrix_2","OTU-EUK587","2","OTU-EUK587","0","6","false","OTU-EUK587","0"
"1306","1.1316945439804783E-4","2","otu1844","matrix_1","otu1844","1","otu1844","1","7","false","otu1844","0"
"1307","2.4249910846011515E-4","1","OTU-EUK1703","matrix_2","OTU-EUK1703","1","OTU-EUK1703","0","5","false","OTU-EUK1703","0"
"1309","6.844322474681427E-4","1","OTU-EUK107","matrix_2","OTU-EUK107","0","OTU-EUK107","1","8","false","OTU-EUK107","0"
"1310","1.407494427354891E-4","3","otu1827","matrix_1","otu1827","1","otu1827","2","5","false","otu1827","0"
"1312","0.02390393812481276","2","OTU-EUK38","matrix_2","OTU-EUK38","0","OTU-EUK38","2","9","false","OTU-EUK38","0"
"1313","0.003024803153850607","5","otu34","matrix_1","otu34","1","otu34","4","8","false","otu34","0"
"1315","0.0014476866938747204","12","OTU-EUK571","matrix_2","OTU-EUK571","11","OTU-EUK571","1","7","false","OTU-EUK571","0"
"1317","0.001843717774915736","7","otu252","matrix_1","otu252","7","otu252","0","5","false","otu252","0"
"1319","0.0020181041878024053","4","otu539","matrix_1","otu539","3","otu539","1","6","false","otu539","0"
"1321","6.562740547604216E-4","4","otu790","matrix_1","otu790","4","otu790","0","5","false","otu790","0"
"1323","4.361703108910983E-4","1","otu697","matrix_1","otu697","1","otu697","0","5","false","otu697","0"
"1326","0.004465320687476701","2","OTU-EUK379","matrix_2","OTU-EUK379","1","OTU-EUK379","1","7","false","OTU-EUK379","0"
"1328","2.250897780998782E-4","3","otu905","matrix_1","otu905","1","otu905","2","5","false","otu905","0"
"1330","7.357557937002621E-5","16","otu3705","matrix_1","otu3705","6","otu3705","10","5","false","otu3705","0"
"1331","9.11616931283215E-4","1","OTU-EUK386","matrix_2","OTU-EUK386","0","OTU-EUK386","1","6","false","OTU-EUK386","0"
"1333","8.567599113985472E-4","2","otu995","matrix_1","otu995","0","otu995","2","8","false","otu995","0"
"1334","0.019670662222335374","12","OTU-EUK43","matrix_2","OTU-EUK43","0","OTU-EUK43","12","10","false","OTU-EUK43","0"
"1337","2.738591898527298E-4","2","otu217","matrix_1","otu217","2","otu217","0","6","false","otu217","0"
"1339","2.3725326054588146E-4","2","otu988","matrix_1","otu988","0","otu988","2","6","false","otu988","0"
"1341","7.072327129203109E-4","4","otu547","matrix_1","otu547","4","otu547","0","5","false","otu547","0"
"1343","2.6916415951998057E-4","1","OTU-EUK800","matrix_2","OTU-EUK800","1","OTU-EUK800","0","6","false","OTU-EUK800","0"
"1344","1.0335461143713722E-4","4","otu3137","matrix_1","otu3137","1","otu3137","3","5","false","otu3137","0"
"1346","7.009691989681198E-4","2","otu589","matrix_1","otu589","1","otu589","1","6","false","otu589","0"
"1348","1.2024032647290607E-4","2","otu2911","matrix_1","otu2911","1","otu2911","1","5","false","otu2911","0"
"1350","0.0023483751776424812","5","OTU-EUK382","matrix_2","OTU-EUK382","5","OTU-EUK382","0","8","false","OTU-EUK382","0"
"1352","0.0025622048430923093","2","otu225","matrix_1","otu225","1","otu225","1","6","false","otu225","0"
"1355","5.878038636938274E-4","1","otu939","matrix_1","otu939","1","otu939","0","7","false","otu939","0"
"1356","2.664341444548594E-4","8","OTU-EUK418","matrix_2","OTU-EUK418","8","OTU-EUK418","0","5","false","OTU-EUK418","0"
"1359","3.482515240158308E-4","2","OTU-EUK1048","matrix_2","OTU-EUK1048","2","OTU-EUK1048","0","5","false","OTU-EUK1048","0"
"1360","1.238571571994702E-4","16","otu1486","matrix_1","otu1486","13","otu1486","3","6","false","otu1486","0"
"1364","8.763341457047687E-5","21","OTU-EUK1409","matrix_2","OTU-EUK1409","0","OTU-EUK1409","21","5","false","OTU-EUK1409","0"
"1365","8.575604304285904E-5","1","otu3268","matrix_1","otu3268","0","otu3268","1","5","false","otu3268","0"
"1368","4.910919477388222E-4","2","OTU-EUK718","matrix_2","OTU-EUK718","2","OTU-EUK718","0","5","false","OTU-EUK718","0"
"1370","0.009749704646151236","1","otu149","matrix_1","otu149","1","otu149","0","10","false","otu149","0"
"1374","3.884524881658982E-4","2","OTU-EUK580","matrix_2","OTU-EUK580","0","OTU-EUK580","2","5","false","OTU-EUK580","0"
"1375","3.238888857832748E-4","2","otu924","matrix_1","otu924","1","otu924","1","6","false","otu924","0"
"1377","0.002939056282048497","2","otu219","matrix_1","otu219","1","otu219","1","6","false","otu219","0"
"1381","0.0015940625413031065","1","otu652","matrix_1","otu652","0","otu652","1","8","false","otu652","0"
"1384","2.1323384725383627E-4","7","otu1589","matrix_1","otu1589","6","otu1589","1","5","false","otu1589","0"
"1385","0.0033209861516962347","4","OTU-EUK270","matrix_2","OTU-EUK270","4","OTU-EUK270","0","7","false","OTU-EUK270","0"
"1387","5.600981056203719E-4","2","otu684","matrix_1","otu684","1","otu684","1","6","false","otu684","0"
"1389","5.6277335516582E-4","4","otu474","matrix_1","otu474","4","otu474","0","5","false","otu474","0"
"1391","0.004028286671647812","7","OTU-EUK332","matrix_2","OTU-EUK332","7","OTU-EUK332","0","5","false","OTU-EUK332","0"
"1394","6.254771343208463E-4","4","otu566","matrix_1","otu566","4","otu566","0","5","false","otu566","0"
"1396","6.117579275628734E-4","7","otu455","matrix_1","otu455","1","otu455","6","5","false","otu455","0"
"1398","4.5839158219620037E-4","2","otu693","matrix_1","otu693","1","otu693","1","9","false","otu693","0"
"1400","8.167005317432598E-4","2","otu717","matrix_1","otu717","0","otu717","2","8","false","otu717","0"
"1404","4.208098591466991E-4","3","otu1975","matrix_1","otu1975","3","otu1975","0","7","false","otu1975","0"
"1407","2.267579372340185E-4","3","otu299","matrix_1","otu299","3","otu299","0","5","false","otu299","0"
"1412","0.0020211314601772993","3","otu408","matrix_1","otu408","3","otu408","0","5","false","otu408","0"
"1415","2.84334827505549E-4","2","otu563","matrix_1","otu563","0","otu563","2","5","false","otu563","0"
"1417","0.010247036636526928","6","OTU-EUK116","matrix_2","OTU-EUK116","0","OTU-EUK116","6","10","false","OTU-EUK116","0"
"1418","5.609746501244531E-4","1","otu1280","matrix_1","otu1280","0","otu1280","1","8","false","otu1280","0"
"1420","4.342723440098629E-4","2","otu560","matrix_1","otu560","1","otu560","1","6","false","otu560","0"
"1422","0.004052192157240716","1","otu316","matrix_1","otu316","0","otu316","1","10","false","otu316","0"
"1424","4.993314038617278E-4","1","otu1071","matrix_1","otu1071","0","otu1071","1","5","false","otu1071","0"
"1426","5.056725319842264E-4","2","otu503","matrix_1","otu503","2","otu503","0","7","false","otu503","0"
"1428","0.0016566028451504046","1","otu466","matrix_1","otu466","0","otu466","1","9","false","otu466","0"
"1430","1.5717196759181692E-4","1","OTU-EUK1057","matrix_2","OTU-EUK1057","1","OTU-EUK1057","0","5","false","OTU-EUK1057","0"
"1432","7.905649412559387E-5","3","otu6555","matrix_1","otu6555","1","otu6555","2","5","false","otu6555","0"
"1434","2.27235228772178E-4","1","otu1048","matrix_1","otu1048","0","otu1048","1","5","false","otu1048","0"
"1437","0.002087835755852067","23","otu274","matrix_1","otu274","23","otu274","0","6","false","otu274","0"
"1439","0.006411295667399535","6","OTU-EUK232","matrix_2","OTU-EUK232","6","OTU-EUK232","0","6","false","OTU-EUK232","0"
"1440","2.355737628552804E-4","5","otu160","matrix_1","otu160","4","otu160","1","5","false","otu160","0"
"1442","0.0012534317550327357","2","otu596","matrix_1","otu596","0","otu596","2","8","false","otu596","0"
"1445","0.0017137617332970121","2","OTU-EUK423","matrix_2","OTU-EUK423","1","OTU-EUK423","1","5","false","OTU-EUK423","0"
"1447","0.007638304762869734","2","OTU-EUK190","matrix_2","OTU-EUK190","2","OTU-EUK190","0","6","false","OTU-EUK190","0"
"1448","8.780077557992006E-5","1","otu4024","matrix_1","otu4024","1","otu4024","0","5","false","otu4024","0"
"1450","5.505878585676785E-4","1","otu981","matrix_1","otu981","0","otu981","1","5","false","otu981","0"
"1452","2.559250573430148E-4","2","otu1563","matrix_1","otu1563","2","otu1563","0","6","false","otu1563","0"
"1454","1.8130655385315925E-4","3","otu1567","matrix_1","otu1567","0","otu1567","3","5","false","otu1567","0"
"1455","0.0011163428374091166","3","OTU-EUK350","matrix_2","OTU-EUK350","0","OTU-EUK350","3","7","false","OTU-EUK350","0"
"1458","0.002972086278163415","2","OTU-EUK360","matrix_2","OTU-EUK360","0","OTU-EUK360","2","5","false","OTU-EUK360","0"
"1460","3.357597639962861E-4","1","otu703","matrix_1","otu703","1","otu703","0","6","false","otu703","0"
"1462","0.0016276338009166749","6","OTU-EUK365","matrix_2","OTU-EUK365","6","OTU-EUK365","0","5","false","OTU-EUK365","0"
"1464","1.3369421286550865E-4","3","otu866","matrix_1","otu866","3","otu866","0","5","false","otu866","0"
"1466","0.010815854240534922","2","otu125","matrix_1","otu125","2","otu125","0","7","false","otu125","0"
"1468","5.404041372706196E-4","2","otu639","matrix_1","otu639","2","otu639","0","8","false","otu639","0"
"1469","5.094046923179781E-4","4","OTU-EUK533","matrix_2","OTU-EUK533","4","OTU-EUK533","0","8","false","OTU-EUK533","0"
"1471","1.0020598073871875E-4","3","otu1379","matrix_1","otu1379","3","otu1379","0","5","false","otu1379","0"
"1473","2.5429749846319195E-4","8","otu1261","matrix_1","otu1261","1","otu1261","7","6","false","otu1261","0"
"1475","0.09581074119392016","5","OTU-EUK69","matrix_2","OTU-EUK69","4","OTU-EUK69","1","5","false","OTU-EUK69","0"
"1479","0.002778349423290992","1","OTU-EUK265","matrix_2","OTU-EUK265","1","OTU-EUK265","0","7","false","OTU-EUK265","0"
"1481","3.9435903976975823E-4","1","otu1487","matrix_1","otu1487","0","otu1487","1","6","false","otu1487","0"
"1482","1.6468085994349283E-4","8","OTU-EUK995","matrix_2","OTU-EUK995","0","OTU-EUK995","8","7","false","OTU-EUK995","0"
"1484","5.137628340258803E-4","3","otu797","matrix_1","otu797","1","otu797","2","8","false","otu797","0"
"1486","1.1925199083982099E-4","2","otu2874","matrix_1","otu2874","0","otu2874","2","5","false","otu2874","0"
"1489","4.647988483146877E-4","3","otu674","matrix_1","otu674","3","otu674","0","5","false","otu674","0"
"1493","2.6811853560758814E-4","4","otu885","matrix_1","otu885","4","otu885","0","5","false","otu885","0"
"1495","5.661039251506579E-4","1","otu508","matrix_1","otu508","1","otu508","0","6","false","otu508","0"
"1497","0.0012156370106345777","1","otu661","matrix_1","otu661","1","otu661","0","6","false","otu661","0"
"1501","0.001284088371427813","1","otu378","matrix_1","otu378","0","otu378","1","8","false","otu378","0"
"1504","0.01705155972538448","3","OTU-EUK51","matrix_2","OTU-EUK51","0","OTU-EUK51","3","10","false","OTU-EUK51","0"
"1505","5.137416706416383E-4","4","otu657","matrix_1","otu657","0","otu657","4","8","false","otu657","0"
"1507","1.2246012408019378E-4","5","otu1023","matrix_1","otu1023","0","otu1023","5","7","false","otu1023","0"
"1508","0.5114968349567851","1","OTU-EUK8","matrix_2","OTU-EUK8","0","OTU-EUK8","1","10","false","OTU-EUK8","0"
"1510","7.465320520870649E-4","6","otu485","matrix_1","otu485","6","otu485","0","5","false","otu485","0"
"1512","7.436215719065992E-5","9","otu1869","matrix_1","otu1869","6","otu1869","3","5","false","otu1869","0"
"1514","4.3002412694367225E-4","3","OTU-EUK897","matrix_2","OTU-EUK897","3","OTU-EUK897","0","5","false","OTU-EUK897","0"
"1516","1.4737153826692396E-4","8","otu1344","matrix_1","otu1344","2","otu1344","6","5","false","otu1344","0"
"1518","0.002288360524282148","7","otu297","matrix_1","otu297","7","otu297","0","6","false","otu297","0"
"1521","0.0012976361304076168","2","otu613","matrix_1","otu613","1","otu613","1","6","false","otu613","0"
"1523","5.59098234551343E-4","1","otu324","matrix_1","otu324","1","otu324","0","6","false","otu324","0"
"1528","2.5086237717381055E-4","3","otu1110","matrix_1","otu1110","2","otu1110","1","6","false","otu1110","0"
"1530","4.7240074306081166E-4","2","otu1345","matrix_1","otu1345","0","otu1345","2","7","false","otu1345","0"
"1537","2.550092637276743E-4","4","otu1635","matrix_1","otu1635","0","otu1635","4","7","false","otu1635","0"
"1541","0.03035090769719261","4","otu103","matrix_1","otu103","0","otu103","4","10","false","otu103","0"
"1543","9.873462020959808E-5","2","otu551","matrix_1","otu551","2","otu551","0","5","false","otu551","0"
"1545","1.480090378526048E-4","2","otu1648","matrix_1","otu1648","1","otu1648","1","5","false","otu1648","0"
"1547","8.189368298043684E-4","2","otu785","matrix_1","otu785","0","otu785","2","7","false","otu785","0"
"1549","5.329301339799003E-4","2","OTU-EUK1012","matrix_2","OTU-EUK1012","1","OTU-EUK1012","1","5","false","OTU-EUK1012","0"
"1551","0.0020152001811942987","5","otu282","matrix_1","otu282","5","otu282","0","6","false","otu282","0"
"1553","9.765397416312073E-4","3","OTU-EUK874","matrix_2","OTU-EUK874","2","OTU-EUK874","1","6","false","OTU-EUK874","0"
"1554","2.691550218348063E-4","3","otu1737","matrix_1","otu1737","3","otu1737","0","7","false","otu1737","0"
"1558","0.003250118786859392","1","OTU-EUK141","matrix_2","OTU-EUK141","0","OTU-EUK141","1","7","false","OTU-EUK141","0"
"1559","9.602240657115802E-5","4","otu4499","matrix_1","otu4499","1","otu4499","3","5","false","otu4499","0"
"1561","8.980031393228727E-5","9","otu1336","matrix_1","otu1336","0","otu1336","9","5","false","otu1336","0"
"1562","4.3643537418200395E-4","3","OTU-EUK485","matrix_2","OTU-EUK485","0","OTU-EUK485","3","5","false","OTU-EUK485","0"
"1564","1.6626994449416122E-4","1","otu2428","matrix_1","otu2428","0","otu2428","1","5","false","otu2428","0"
"1565","9.656980067535276E-4","2","OTU-EUK334","matrix_2","OTU-EUK334","0","OTU-EUK334","2","5","false","OTU-EUK334","0"
"1567","2.2635165210802832E-4","3","otu770","matrix_1","otu770","3","otu770","0","5","false","otu770","0"
"1569","0.0013717523512282543","11","OTU-EUK478","matrix_2","OTU-EUK478","0","OTU-EUK478","11","6","false","OTU-EUK478","0"
"1570","1.911578316890031E-4","1","otu2267","matrix_1","otu2267","0","otu2267","1","5","false","otu2267","0"
"1573","0.011643886985978616","1","OTU-EUK97","matrix_2","OTU-EUK97","0","OTU-EUK97","1","10","false","OTU-EUK97","0"
"1580","3.8855326683638576E-4","2","otu930","matrix_1","otu930","2","otu930","0","6","false","otu930","0"
"1585","3.7782593748808806E-4","3","otu532","matrix_1","otu532","1","otu532","2","5","false","otu532","0"
"1587","1.6623790622098927E-4","1","otu1289","matrix_1","otu1289","1","otu1289","0","5","false","otu1289","0"
"1589","1.6500496067046387E-4","4","OTU-EUK1437","matrix_2","OTU-EUK1437","3","OTU-EUK1437","1","5","false","OTU-EUK1437","0"
"1592","0.0028585879799857103","1","otu50","matrix_1","otu50","1","otu50","0","6","false","otu50","0"
"1593","7.043601116985751E-4","4","OTU-EUK406","matrix_2","OTU-EUK406","2","OTU-EUK406","2","7","false","OTU-EUK406","0"
"1595","0.0017166927192002383","7","OTU-EUK188","matrix_2","OTU-EUK188","0","OTU-EUK188","7","7","false","OTU-EUK188","0"
"1596","2.785272239775527E-4","5","otu1054","matrix_1","otu1054","0","otu1054","5","7","false","otu1054","0"
"1598","1.3328672702299973E-4","1","otu1322","matrix_1","otu1322","0","otu1322","1","6","false","otu1322","0"
"1599","1.1088569595287936E-4","3","OTU-EUK1271","matrix_2","OTU-EUK1271","0","OTU-EUK1271","3","6","false","OTU-EUK1271","0"
"1601","6.086438186222187E-4","4","otu384","matrix_1","otu384","4","otu384","0","5","false","otu384","0"
"1603","1.2976132825080454E-4","8","OTU-EUK1053","matrix_2","OTU-EUK1053","1","OTU-EUK1053","7","5","false","OTU-EUK1053","0"
"1607","9.982086667606573E-5","2","otu1728","matrix_1","otu1728","1","otu1728","1","6","false","otu1728","0"
"1610","0.003684135290469441","6","OTU-EUK369","matrix_2","OTU-EUK369","6","OTU-EUK369","0","5","false","OTU-EUK369","0"
"1612","1.1838401614373833E-4","3","OTU-EUK1114","matrix_2","OTU-EUK1114","0","OTU-EUK1114","3","6","false","OTU-EUK1114","0"
"1622","2.1135473801590067E-4","1","otu920","matrix_1","otu920","0","otu920","1","5","false","otu920","0"
"1624","3.1887576521180927E-4","2","otu1218","matrix_1","otu1218","0","otu1218","2","8","false","otu1218","0"
"1628","2.216517796357814E-4","3","otu1003","matrix_1","otu1003","3","otu1003","0","5","false","otu1003","0"
"1630","9.405043842900422E-4","5","OTU-EUK640","matrix_2","OTU-EUK640","4","OTU-EUK640","1","6","false","OTU-EUK640","0"
"1632","0.0010411928585213677","4","OTU-EUK327","matrix_2","OTU-EUK327","3","OTU-EUK327","1","7","false","OTU-EUK327","0"
"1633","6.174276778265023E-5","1","otu5612","matrix_1","otu5612","1","otu5612","0","5","false","otu5612","0"
"1635","3.3238220986388705E-4","1","otu1365","matrix_1","otu1365","0","otu1365","1","5","false","otu1365","0"
"1637","6.898073216066305E-5","8","otu1430","matrix_1","otu1430","4","otu1430","4","5","false","otu1430","0"
"1639","0.001207141199864145","7","otu368","matrix_1","otu368","0","otu368","7","9","false","otu368","0"
"1640","0.3096211904097657","1","OTU-EUK5","matrix_2","OTU-EUK5","0","OTU-EUK5","1","10","false","OTU-EUK5","0"
"1643","0.6956849041245","1","OTU-EUK3","matrix_2","OTU-EUK3","0","OTU-EUK3","1","10","false","OTU-EUK3","0"
"1647","2.265563653868355E-4","4","otu1044","matrix_1","otu1044","3","otu1044","1","5","false","otu1044","0"
"1649","9.70416865897732E-5","3","otu4383","matrix_1","otu4383","1","otu4383","2","6","false","otu4383","0"
"1651","1.8294449062038155E-4","2","otu1612","matrix_1","otu1612","1","otu1612","1","5","false","otu1612","0"
"1657","1.4519723868442087E-4","3","otu2697","matrix_1","otu2697","0","otu2697","3","5","false","otu2697","0"
"1658","6.862893897974927E-4","5","OTU-EUK525","matrix_2","OTU-EUK525","0","OTU-EUK525","5","8","false","OTU-EUK525","0"
"1660","0.10535080399314962","4","OTU-EUK11","matrix_2","OTU-EUK11","0","OTU-EUK11","4","10","false","OTU-EUK11","0"
"1661","2.582238960289998E-4","4","otu1467","matrix_1","otu1467","0","otu1467","4","6","false","otu1467","0"
"1663","7.230947268983867E-4","1","otu911","matrix_1","otu911","0","otu911","1","6","false","otu911","0"
"1665","1.593469957194174E-4","1","otu1194","matrix_1","otu1194","1","otu1194","0","5","false","otu1194","0"
"1671","0.00956078716960035","7","OTU-EUK196","matrix_2","OTU-EUK196","0","OTU-EUK196","7","9","false","OTU-EUK196","0"
"1675","8.942633587433592E-5","1","otu2083","matrix_1","otu2083","0","otu2083","1","5","false","otu2083","0"
"1677","2.1334920669988872E-4","3","otu845","matrix_1","otu845","3","otu845","0","5","false","otu845","0"
"1683","5.229047457629135E-4","1","otu908","matrix_1","otu908","0","otu908","1","5","false","otu908","0"
"1687","3.289625441095654E-4","3","otu1240","matrix_1","otu1240","2","otu1240","1","6","false","otu1240","0"
"1691","8.065246703858449E-4","2","otu174","matrix_1","otu174","2","otu174","0","5","false","otu174","0"
"1692","0.0024842514555445203","1","OTU-EUK436","matrix_2","OTU-EUK436","1","OTU-EUK436","0","5","false","OTU-EUK436","0"
"1694","4.0977720220231853E-4","3","otu543","matrix_1","otu543","3","otu543","0","5","false","otu543","0"
"1696","7.795596619303275E-4","1","otu1159","matrix_1","otu1159","1","otu1159","0","7","false","otu1159","0"
"1701","8.146472964681087E-4","3","OTU-EUK543","matrix_2","OTU-EUK543","0","OTU-EUK543","3","7","false","OTU-EUK543","0"
"1702","0.02567572519039043","12","otu49","matrix_1","otu49","1","otu49","11","10","false","otu49","0"
"1704","5.673900624277037E-5","2","otu3240","matrix_1","otu3240","0","otu3240","2","5","false","otu3240","0"
"1710","2.331125519381277E-4","4","OTU-EUK868","matrix_2","OTU-EUK868","0","OTU-EUK868","4","7","false","OTU-EUK868","0"
"1714","0.003552265612204791","10","OTU-EUK149","matrix_2","OTU-EUK149","10","OTU-EUK149","0","5","false","OTU-EUK149","0"
"1716","0.009879351697293976","7","OTU-EUK135","matrix_2","OTU-EUK135","0","OTU-EUK135","7","9","false","OTU-EUK135","0"
"1717","0.03382382485201464","4","otu67","matrix_1","otu67","0","otu67","4","10","false","otu67","0"
"1722","6.82394952702018E-4","1","otu565","matrix_1","otu565","1","otu565","0","7","false","otu565","0"
"1726","1.2967606391345624E-4","2","otu1130","matrix_1","otu1130","1","otu1130","1","5","false","otu1130","0"
"1728","1.3163940502369288E-4","2","otu2055","matrix_1","otu2055","0","otu2055","2","5","false","otu2055","0"
"1731","6.041119363489511E-4","2","otu768","matrix_1","otu768","0","otu768","2","7","false","otu768","0"
"1733","0.6663036251003539","3","OTU-EUK1","matrix_2","OTU-EUK1","3","OTU-EUK1","0","7","false","OTU-EUK1","0"
"1737","9.030696627110198E-4","4","otu473","matrix_1","otu473","4","otu473","0","5","false","otu473","0"
"1739","0.024432407890880664","7","otu101","matrix_1","otu101","6","otu101","1","5","false","otu101","0"
"1745","7.590261677568531E-4","1","otu545","matrix_1","otu545","1","otu545","0","7","false","otu545","0"
"1747","0.0013820483958813974","4","OTU-EUK280","matrix_2","OTU-EUK280","0","OTU-EUK280","4","6","false","OTU-EUK280","0"
"1749","3.3070123267996896E-4","2","otu973","matrix_1","otu973","1","otu973","1","6","false","otu973","0"
"1754","3.794270367872056E-4","1","otu1137","matrix_1","otu1137","1","otu1137","0","6","false","otu1137","0"
"1757","2.566395888469347E-4","1","OTU-EUK1077","matrix_2","OTU-EUK1077","0","OTU-EUK1077","1","5","false","OTU-EUK1077","0"
"1760","0.0022627952457675822","2","OTU-EUK223","matrix_2","OTU-EUK223","0","OTU-EUK223","2","9","false","OTU-EUK223","0"
"1765","9.325754465302773E-4","2","otu258","matrix_1","otu258","1","otu258","1","6","false","otu258","0"
"1769","0.006647491379232153","1","OTU-EUK215","matrix_2","OTU-EUK215","0","OTU-EUK215","1","10","false","OTU-EUK215","0"
"1770","1.3927367427912234E-4","7","otu1020","matrix_1","otu1020","0","otu1020","7","5","false","otu1020","0"
"1773","2.0724949927473224E-4","2","otu4801","matrix_1","otu4801","1","otu4801","1","7","false","otu4801","0"
"1777","7.836868301813267E-5","1","otu3895","matrix_1","otu3895","0","otu3895","1","5","false","otu3895","0"
"1778","0.003345816907163659","3","OTU-EUK131","matrix_2","OTU-EUK131","0","OTU-EUK131","3","9","false","OTU-EUK131","0"
"1780","0.004228345458891094","2","otu221","matrix_1","otu221","1","otu221","1","8","false","otu221","0"
"1782","7.599297084489169E-4","1","otu538","matrix_1","otu538","1","otu538","0","6","false","otu538","0"
"1784","6.603747903365543E-4","3","otu70","matrix_1","otu70","1","otu70","2","7","false","otu70","0"
"1789","0.006168976739060902","2","otu181","matrix_1","otu181","0","otu181","2","10","false","otu181","0"
"1794","3.0733804578217194E-4","5","OTU-EUK786","matrix_2","OTU-EUK786","5","OTU-EUK786","0","6","false","OTU-EUK786","0"
"1795","2.153634842321875E-4","6","otu1156","matrix_1","otu1156","2","otu1156","4","6","false","otu1156","0"
"1798","1.6913865144812525E-4","2","otu1157","matrix_1","otu1157","2","otu1157","0","5","false","otu1157","0"
"1802","1.0808410770052992E-4","11","otu2160","matrix_1","otu2160","4","otu2160","7","5","false","otu2160","0"
"1804","0.008334647231282664","3","OTU-EUK150","matrix_2","OTU-EUK150","0","OTU-EUK150","3","7","false","OTU-EUK150","0"
"1805","2.2201716807392048E-4","3","otu1605","matrix_1","otu1605","0","otu1605","3","5","false","otu1605","0"
"1807","0.00203201885361668","2","otu452","matrix_1","otu452","0","otu452","2","9","false","otu452","0"
"1809","0.02115403294720062","6","OTU-EUK18","matrix_2","OTU-EUK18","0","OTU-EUK18","6","10","false","OTU-EUK18","0"
"1811","3.159074389945079E-4","3","OTU-EUK876","matrix_2","OTU-EUK876","2","OTU-EUK876","1","8","false","OTU-EUK876","0"
"1818","3.295321891720266E-4","1","otu1460","matrix_1","otu1460","0","otu1460","1","5","false","otu1460","0"
"1822","3.023108503822767E-4","3","otu1986","matrix_1","otu1986","3","otu1986","0","6","false","otu1986","0"
"1823","0.008310095452479372","2","OTU-EUK83","matrix_2","OTU-EUK83","2","OTU-EUK83","0","10","false","OTU-EUK83","0"
"1828","0.005158094776165502","2","otu36","matrix_1","otu36","1","otu36","1","8","false","otu36","0"
"1832","8.26813546859081E-5","1","otu3568","matrix_1","otu3568","0","otu3568","1","5","false","otu3568","0"
"1834","1.1591735540297132E-4","2","otu2704","matrix_1","otu2704","0","otu2704","2","5","false","otu2704","0"
"1839","1.7600159444362744E-4","1","otu4328","matrix_1","otu4328","0","otu4328","1","5","false","otu4328","0"
"1844","3.1668737217789377E-4","1","OTU-EUK866","matrix_2","OTU-EUK866","0","OTU-EUK866","1","7","false","OTU-EUK866","0"
"1846","2.359581316495268E-4","2","otu1182","matrix_1","otu1182","0","otu1182","2","7","false","otu1182","0"
"1848","7.046075507459264E-4","2","otu516","matrix_1","otu516","1","otu516","1","6","false","otu516","0"
"1852","1.66872378154192E-4","1","otu2401","matrix_1","otu2401","0","otu2401","1","6","false","otu2401","0"
"1854","3.8006315754107836E-4","2","otu1019","matrix_1","otu1019","1","otu1019","1","7","false","otu1019","0"
"1855","0.003845323423109772","3","OTU-EUK161","matrix_2","OTU-EUK161","3","OTU-EUK161","0","9","false","OTU-EUK161","0"
"1857","1.7132929477445445E-4","2","otu1839","matrix_1","otu1839","0","otu1839","2","6","false","otu1839","0"
"1858","0.012497236571905577","2","OTU-EUK61","matrix_2","OTU-EUK61","0","OTU-EUK61","2","9","false","OTU-EUK61","0"
"1860","8.406044320116665E-5","1","otu2396","matrix_1","otu2396","1","otu2396","0","5","false","otu2396","0"
"1865","9.489996282932645E-5","2","otu1716","matrix_1","otu1716","2","otu1716","0","5","false","otu1716","0"
"1869","6.983610936746888E-4","1","otu501","matrix_1","otu501","1","otu501","0","6","false","otu501","0"
"1871","1.9150442535967178E-4","2","otu357","matrix_1","otu357","1","otu357","1","9","false","otu357","0"
"1872","0.0010965265230533858","3","OTU-EUK226","matrix_2","OTU-EUK226","3","OTU-EUK226","0","5","false","OTU-EUK226","0"
"1874","1.7973829713538897E-4","1","otu1323","matrix_1","otu1323","0","otu1323","1","6","false","otu1323","0"
"1876","0.013004998545467479","1","otu99","matrix_1","otu99","0","otu99","1","10","false","otu99","0"
"1879","1.8467042198681155E-4","3","otu1315","matrix_1","otu1315","2","otu1315","1","6","false","otu1315","0"
"1881","0.005473447264877571","4","OTU-EUK114","matrix_2","OTU-EUK114","0","OTU-EUK114","4","8","false","OTU-EUK114","0"
"1884","6.210725000709512E-5","4","otu3497","matrix_1","otu3497","1","otu3497","3","5","false","otu3497","0"
"1886","0.01600305549359036","4","otu91","matrix_1","otu91","0","otu91","4","9","false","otu91","0"
"1893","0.07791572557419384","1","otu27","matrix_1","otu27","0","otu27","1","10","false","otu27","0"
"1895","0.14244319381793583","2","otu32","matrix_1","otu32","0","otu32","2","10","false","otu32","0"
"1898","1.2296419506240138E-4","2","otu1099","matrix_1","otu1099","0","otu1099","2","6","false","otu1099","0"
"1900","0.0031738139463836183","2","otu16","matrix_1","otu16","2","otu16","0","5","false","otu16","0"
"1905","1.652177441182353E-4","6","otu3454","matrix_1","otu3454","2","otu3454","4","6","false","otu3454","0"
"1907","0.001855441533420061","3","OTU-EUK367","matrix_2","OTU-EUK367","3","OTU-EUK367","0","6","false","OTU-EUK367","0"
"1911","3.8349670748360186E-4","1","OTU-EUK553","matrix_2","OTU-EUK553","1","OTU-EUK553","0","5","false","OTU-EUK553","0"
"1915","0.001759104960840549","3","OTU-EUK455","matrix_2","OTU-EUK455","0","OTU-EUK455","3","5","false","OTU-EUK455","0"
"1917","4.3310854665552567E-4","1","otu392","matrix_1","otu392","1","otu392","0","6","false","otu392","0"
"1921","3.144548758725006E-4","1","OTU-EUK589","matrix_2","OTU-EUK589","1","OTU-EUK589","0","5","false","OTU-EUK589","0"
"1924","4.1200602108151996E-4","3","otu700","matrix_1","otu700","3","otu700","0","5","false","otu700","0"
"1927","1.29983120663088E-4","5","otu2476","matrix_1","otu2476","0","otu2476","5","5","false","otu2476","0"
"1930","1.2904774081862666E-4","1","otu549","matrix_1","otu549","0","otu549","1","5","false","otu549","0"
"1934","0.003677807691239224","3","OTU-EUK123","matrix_2","OTU-EUK123","2","OTU-EUK123","1","8","false","OTU-EUK123","0"
"1941","3.4726012313630866E-4","1","otu541","matrix_1","otu541","0","otu541","1","6","false","otu541","0"
"1942","0.012699980969608555","3","OTU-EUK52","matrix_2","OTU-EUK52","1","OTU-EUK52","2","10","false","OTU-EUK52","0"
"1944","0.0010545362371110903","3","otu479","matrix_1","otu479","0","otu479","3","7","false","otu479","0"
"1946","5.663763913758808E-4","4","otu1078","matrix_1","otu1078","1","otu1078","3","6","false","otu1078","0"
"1948","8.930787990755619E-5","1","otu834","matrix_1","otu834","1","otu834","0","6","false","otu834","0"
"1953","1.949313646200603E-4","2","otu2123","matrix_1","otu2123","0","otu2123","2","5","false","otu2123","0"
"1954","0.07008584682097274","1","OTU-EUK13","matrix_2","OTU-EUK13","0","OTU-EUK13","1","10","false","OTU-EUK13","0"
"1956","0.002082367287234208","1","otu294","matrix_1","otu294","0","otu294","1","9","false","otu294","0"
"1959","9.807292926631473E-4","1","OTU-EUK522","matrix_2","OTU-EUK522","0","OTU-EUK522","1","6","false","OTU-EUK522","0"
"1960","1.2375439925834091E-4","5","otu2651","matrix_1","otu2651","0","otu2651","5","5","false","otu2651","0"
"1962","3.546178031723949E-4","4","otu1831","matrix_1","otu1831","1","otu1831","3","7","false","otu1831","0"
"1965","0.0023562610337526674","3","otu486","matrix_1","otu486","0","otu486","3","9","false","otu486","0"
"1968","5.826469606713366E-4","2","otu611","matrix_1","otu611","1","otu611","1","6","false","otu611","0"
"1976","1.1414032164704392E-4","4","otu3844","matrix_1","otu3844","4","otu3844","0","6","false","otu3844","0"
"1979","1.6016941673606752E-4","3","otu2841","matrix_1","otu2841","1","otu2841","2","5","false","otu2841","0"
"1982","0.0023742214737717043","3","OTU-EUK244","matrix_2","OTU-EUK244","0","OTU-EUK244","3","8","false","OTU-EUK244","0"
"1983","1.808145300484291E-4","3","otu2378","matrix_1","otu2378","0","otu2378","3","5","false","otu2378","0"
"1988","1.2814632845128745E-4","2","otu2247","matrix_1","otu2247","0","otu2247","2","5","false","otu2247","0"
"1990","1.296503178951339E-4","1","otu2835","matrix_1","otu2835","0","otu2835","1","6","false","otu2835","0"
"1994","3.4474934987376054E-4","2","otu725","matrix_1","otu725","1","otu725","1","6","false","otu725","0"
"1997","0.001856084639002334","2","otu358","matrix_1","otu358","1","otu358","1","7","false","otu358","0"
"2000","9.381824455932857E-5","2","otu394","matrix_1","otu394","2","otu394","0","5","false","otu394","0"
"2005","1.046755136857153E-4","4","otu2707","matrix_1","otu2707","2","otu2707","2","6","false","otu2707","0"
"2007","0.0010769603026994066","4","OTU-EUK546","matrix_2","OTU-EUK546","3","OTU-EUK546","1","5","false","OTU-EUK546","0"
"2009","8.680333310262342E-4","2","otu303","matrix_1","otu303","1","otu303","1","7","false","otu303","0"
"2013","7.963241405445419E-5","1","otu4178","matrix_1","otu4178","0","otu4178","1","5","false","otu4178","0"
"2017","0.051044116420201416","6","OTU-EUK78","matrix_2","OTU-EUK78","0","OTU-EUK78","6","10","false","OTU-EUK78","0"
"2019","0.002433250966706806","4","OTU-EUK378","matrix_2","OTU-EUK378","4","OTU-EUK378","0","5","false","OTU-EUK378","0"
"2023","3.059565740574239E-4","1","otu1162","matrix_1","otu1162","1","otu1162","0","6","false","otu1162","0"
"2029","0.004808679599291468","1","OTU-EUK176","matrix_2","OTU-EUK176","1","OTU-EUK176","0","7","false","OTU-EUK176","0"
"2033","3.0302318677399295E-4","2","otu990","matrix_1","otu990","1","otu990","1","5","false","otu990","0"
"2035","0.0012454303975363381","1","OTU-EUK282","matrix_2","OTU-EUK282","0","OTU-EUK282","1","7","false","OTU-EUK282","0"
"2036","1.1138381618682432E-4","3","otu1325","matrix_1","otu1325","0","otu1325","3","5","false","otu1325","0"
"2039","8.039987887842198E-5","2","otu3262","matrix_1","otu3262","1","otu3262","1","5","false","otu3262","0"
"2042","0.0029469893042559734","3","OTU-EUK157","matrix_2","OTU-EUK157","2","OTU-EUK157","1","9","false","OTU-EUK157","0"
"2045","0.004504406158539887","2","OTU-EUK154","matrix_2","OTU-EUK154","2","OTU-EUK154","0","8","false","OTU-EUK154","0"
"2047","4.3792456627282596E-4","2","otu812","matrix_1","otu812","0","otu812","2","6","false","otu812","0"
"2049","7.346618463025577E-4","1","OTU-EUK59","matrix_2","OTU-EUK59","0","OTU-EUK59","1","9","false","OTU-EUK59","0"
"2050","0.0022114776122304854","1","otu370","matrix_1","otu370","0","otu370","1","9","false","otu370","0"
"2052","2.6164069883805063E-4","1","OTU-EUK1399","matrix_2","OTU-EUK1399","0","OTU-EUK1399","1","5","false","OTU-EUK1399","0"
"2057","2.1277749490859255E-4","2","OTU-EUK331","matrix_2","OTU-EUK331","1","OTU-EUK331","1","5","false","OTU-EUK331","0"
"2062","1.8741030783377783E-4","2","otu2092","matrix_1","otu2092","0","otu2092","2","5","false","otu2092","0"
"2068","0.017574740464788154","1","otu148","matrix_1","otu148","0","otu148","1","10","false","otu148","0"
"2074","1.4275191926120748E-4","2","otu1675","matrix_1","otu1675","0","otu1675","2","5","false","otu1675","0"
"2077","9.754692274386641E-5","2","OTU-EUK648","matrix_2","OTU-EUK648","0","OTU-EUK648","2","5","false","OTU-EUK648","0"
"2079","1.115532342523537E-4","1","otu2432","matrix_1","otu2432","1","otu2432","0","5","false","otu2432","0"
"2083","0.003811081374894088","2","otu165","matrix_1","otu165","0","otu165","2","6","false","otu165","0"
"2085","0.003023229396458861","3","OTU-EUK254","matrix_2","OTU-EUK254","0","OTU-EUK254","3","9","false","OTU-EUK254","0"
"2089","0.001988650967289685","3","otu427","matrix_1","otu427","1","otu427","2","5","false","otu427","0"
"2092","0.001352532160311656","7","OTU-EUK503","matrix_2","OTU-EUK503","7","OTU-EUK503","0","5","false","OTU-EUK503","0"
"2094","1.056181744571197E-4","3","OTU-EUK1176","matrix_2","OTU-EUK1176","0","OTU-EUK1176","3","7","false","OTU-EUK1176","0"
"2095","3.406277673704918E-4","1","otu968","matrix_1","otu968","0","otu968","1","8","false","otu968","0"
"2099","0.014806573935528668","2","otu97","matrix_1","otu97","0","otu97","2","9","false","otu97","0"
"2104","0.004486421752528848","1","OTU-EUK112","matrix_2","OTU-EUK112","0","OTU-EUK112","1","9","false","OTU-EUK112","0"
"2108","1.609180909400249E-4","1","OTU-EUK670","matrix_2","OTU-EUK670","0","OTU-EUK670","1","5","false","OTU-EUK670","0"
"2111","0.0020821536776894876","1","otu304","matrix_1","otu304","1","otu304","0","6","false","otu304","0"
"2114","7.64724729450621E-4","1","OTU-EUK686","matrix_2","OTU-EUK686","0","OTU-EUK686","1","6","false","OTU-EUK686","0"
"2124","1.2880112228401235E-4","2","otu2500","matrix_1","otu2500","0","otu2500","2","7","false","otu2500","0"
"2132","2.4588129720541706E-4","1","otu1111","matrix_1","otu1111","1","otu1111","0","6","false","otu1111","0"
"2134","1.567169624727546E-4","2","otu2881","matrix_1","otu2881","0","otu2881","2","6","false","otu2881","0"
"2138","9.368171303308634E-5","4","OTU-EUK2690","matrix_2","OTU-EUK2690","0","OTU-EUK2690","4","5","false","OTU-EUK2690","0"
"2140","0.0022731833421950017","1","otu569","matrix_1","otu569","0","otu569","1","9","false","otu569","0"
"2148","3.339942269148291E-4","1","otu821","matrix_1","otu821","1","otu821","0","6","false","otu821","0"
"2155","9.443749370435109E-5","2","otu5129","matrix_1","otu5129","2","otu5129","0","5","false","otu5129","0"
"2160","1.8900082435203467E-4","1","otu1545","matrix_1","otu1545","0","otu1545","1","7","false","otu1545","0"
"2162","0.010722412044164511","3","otu111","matrix_1","otu111","3","otu111","0","7","false","otu111","0"
"2168","0.006465307874980127","2","otu38","matrix_1","otu38","0","otu38","2","5","false","otu38","0"
"2171","0.009032831342289807","1","otu158","matrix_1","otu158","0","otu158","1","9","false","otu158","0"
"2173","1.0897769057551273E-4","3","otu1459","matrix_1","otu1459","3","otu1459","0","5","false","otu1459","0"
"2177","8.839643025792868E-4","3","otu482","matrix_1","otu482","1","otu482","2","7","false","otu482","0"
"2187","3.319739916441169E-4","2","otu491","matrix_1","otu491","2","otu491","0","5","false","otu491","0"
"2189","0.0011773744187908123","1","otu128","matrix_1","otu128","0","otu128","1","8","false","otu128","0"
"2190","5.405609625950719E-4","2","OTU-EUK249","matrix_2","OTU-EUK249","1","OTU-EUK249","1","5","false","OTU-EUK249","0"
"2194","0.011123091589554438","2","otu113","matrix_1","otu113","0","otu113","2","8","false","otu113","0"
"2196","7.84490760177366E-4","3","OTU-EUK474","matrix_2","OTU-EUK474","0","OTU-EUK474","3","7","false","OTU-EUK474","0"
"2204","0.007813528317863088","1","OTU-EUK103","matrix_2","OTU-EUK103","0","OTU-EUK103","1","9","false","OTU-EUK103","0"
"2212","0.005290526806282164","1","otu191","matrix_1","otu191","1","otu191","0","7","false","otu191","0"
"2216","0.00214224853502363","4","OTU-EUK260","matrix_2","OTU-EUK260","0","OTU-EUK260","4","5","false","OTU-EUK260","0"
"2218","1.2988008856357766E-4","2","otu3433","matrix_1","otu3433","1","otu3433","1","5","false","otu3433","0"
"2222","3.763835739880804E-4","3","OTU-EUK1269","matrix_2","OTU-EUK1269","2","OTU-EUK1269","1","5","false","OTU-EUK1269","0"
"2224","0.01684312112974462","1","otu72","matrix_1","otu72","0","otu72","1","10","false","otu72","0"
"2226","0.004609585584650275","2","otu243","matrix_1","otu243","2","otu243","0","7","false","otu243","0"
"2232","0.00474621031220828","1","otu187","matrix_1","otu187","1","otu187","0","8","false","otu187","0"
"2234","0.0037374464338376144","4","otu309","matrix_1","otu309","2","otu309","2","6","false","otu309","0"
"2236","0.0038403128890039367","1","otu146","matrix_1","otu146","1","otu146","0","8","false","otu146","0"
"2241","0.03561759127572441","1","otu78","matrix_1","otu78","0","otu78","1","10","false","otu78","0"
"2245","0.008242166577648416","1","otu136","matrix_1","otu136","0","otu136","1","10","false","otu136","0"
"2250","0.005840347422685869","2","OTU-EUK236","matrix_2","OTU-EUK236","1","OTU-EUK236","1","7","false","OTU-EUK236","0"
"2252","2.579394937491192E-4","2","otu1492","matrix_1","otu1492","0","otu1492","2","7","false","otu1492","0"
"2264","8.198594450673446E-4","2","otu704","matrix_1","otu704","0","otu704","2","7","false","otu704","0"
"2275","3.6792753880073964E-4","1","otu852","matrix_1","otu852","1","otu852","0","8","false","otu852","0"
"2282","0.003986501890881451","9","OTU-EUK138","matrix_2","OTU-EUK138","8","OTU-EUK138","1","7","false","OTU-EUK138","0"
"2284","1.0787162090568174E-4","1","otu2955","matrix_1","otu2955","1","otu2955","0","5","false","otu2955","0"
"2288","0.005852899004663048","1","OTU-EUK220","matrix_2","OTU-EUK220","0","OTU-EUK220","1","9","false","OTU-EUK220","0"
"2292","5.036302000446321E-4","2","OTU-EUK659","matrix_2","OTU-EUK659","1","OTU-EUK659","1","7","false","OTU-EUK659","0"
"2293","1.7233885474034698E-4","1","otu1011","matrix_1","otu1011","0","otu1011","1","6","false","otu1011","0"
"2298","5.174914959444982E-4","1","otu198","matrix_1","otu198","0","otu198","1","6","false","otu198","0"
"2300","0.0017834835580812826","1","OTU-EUK175","matrix_2","OTU-EUK175","0","OTU-EUK175","1","6","false","OTU-EUK175","0"
"2308","7.873316524257758E-5","4","otu6207","matrix_1","otu6207","2","otu6207","2","6","false","otu6207","0"
"2315","3.914231152092122E-4","1","otu804","matrix_1","otu804","0","otu804","1","8","false","otu804","0"
"2317","0.016332248991160894","1","OTU-EUK32","matrix_2","OTU-EUK32","0","OTU-EUK32","1","10","false","OTU-EUK32","0"
"2318","0.0018888623579390712","1","otu12","matrix_1","otu12","0","otu12","1","10","false","otu12","0"
"2320","0.013553328260609971","1","OTU-EUK119","matrix_2","OTU-EUK119","1","OTU-EUK119","0","10","false","OTU-EUK119","0"
"2322","1.6423505391643543E-4","2","OTU-EUK1378","matrix_2","OTU-EUK1378","0","OTU-EUK1378","2","6","false","OTU-EUK1378","0"
"2323","1.5387867973307406E-4","2","otu1282","matrix_1","otu1282","0","otu1282","2","6","false","otu1282","0"
"2326","0.001197815504949108","1","OTU-EUK414","matrix_2","OTU-EUK414","0","OTU-EUK414","1","8","false","OTU-EUK414","0"
"2341","3.8027440426801864E-4","2","otu1133","matrix_1","otu1133","0","otu1133","2","7","false","otu1133","0"
"2343","2.908630185029829E-4","4","otu896","matrix_1","otu896","3","otu896","1","8","false","otu896","0"
"2350","6.425247813088456E-4","1","otu1037","matrix_1","otu1037","0","otu1037","1","8","false","otu1037","0"
"2354","0.03356461404249595","1","OTU-EUK24","matrix_2","OTU-EUK24","1","OTU-EUK24","0","9","false","OTU-EUK24","0"
"2356","0.001872236599893613","2","otu371","matrix_1","otu371","1","otu371","1","7","false","otu371","0"
"2358","0.00624694417187316","1","OTU-EUK88","matrix_2","OTU-EUK88","0","OTU-EUK88","1","10","false","OTU-EUK88","0"
"2360","0.0051939284839763325","2","otu139","matrix_1","otu139","1","otu139","1","6","false","otu139","0"
"2362","0.0212710747098031","1","OTU-EUK29","matrix_2","OTU-EUK29","0","OTU-EUK29","1","9","false","OTU-EUK29","0"
"2364","7.095638524869086E-5","4","otu2325","matrix_1","otu2325","1","otu2325","3","5","false","otu2325","0"
"2365","7.500644488607744E-4","1","OTU-EUK447","matrix_2","OTU-EUK447","0","OTU-EUK447","1","5","false","OTU-EUK447","0"
"2369","5.672639552823247E-4","1","OTU-EUK1028","matrix_2","OTU-EUK1028","0","OTU-EUK1028","1","5","false","OTU-EUK1028","0"
"2372","0.09271831432657651","4","otu9","matrix_1","otu9","0","otu9","4","10","false","otu9","0"
"2374","0.02595812102616374","2","otu8","matrix_1","otu8","0","otu8","2","10","false","otu8","0"
"2378","0.001333282176119454","1","otu410","matrix_1","otu410","1","otu410","0","6","false","otu410","0"
"2381","0.004452982710190971","3","otu197","matrix_1","otu197","2","otu197","1","7","false","otu197","0"
"2384","2.9298047586123283E-4","3","otu1441","matrix_1","otu1441","0","otu1441","3","7","false","otu1441","0"
"2386","7.798413572883708E-4","1","otu213","matrix_1","otu213","0","otu213","1","7","false","otu213","0"
"2389","3.217244725684048E-4","1","OTU-EUK628","matrix_2","OTU-EUK628","1","OTU-EUK628","0","6","false","OTU-EUK628","0"
"2397","1.9549302238313902E-4","1","otu1445","matrix_1","otu1445","0","otu1445","1","6","false","otu1445","0"
"2399","0.001035910396075146","1","otu826","matrix_1","otu826","0","otu826","1","6","false","otu826","0"
"2406","9.811670799770547E-4","1","OTU-EUK545","matrix_2","OTU-EUK545","0","OTU-EUK545","1","7","false","OTU-EUK545","0"
"2408","5.797166577392462E-4","4","otu488","matrix_1","otu488","4","otu488","0","5","false","otu488","0"
"2413","6.468515676161894E-4","2","otu677","matrix_1","otu677","1","otu677","1","9","false","otu677","0"
"2417","3.9516609721802504E-4","2","otu590","matrix_1","otu590","2","otu590","0","5","false","otu590","0"
"2422","0.12626207995157995","1","otu17","matrix_1","otu17","0","otu17","1","10","false","otu17","0"
"2423","0.005209577121114074","2","OTU-EUK146","matrix_2","OTU-EUK146","0","OTU-EUK146","2","10","false","OTU-EUK146","0"
"2429","3.6175410680929567E-4","1","OTU-EUK882","matrix_2","OTU-EUK882","0","OTU-EUK882","1","5","false","OTU-EUK882","0"
"2431","2.6573553075853843E-4","1","otu1113","matrix_1","otu1113","0","otu1113","1","7","false","otu1113","0"
"2435","0.020410313377440287","1","OTU-EUK87","matrix_2","OTU-EUK87","0","OTU-EUK87","1","7","false","OTU-EUK87","0"
"2438","0.006328276091883798","1","OTU-EUK126","matrix_2","OTU-EUK126","0","OTU-EUK126","1","10","false","OTU-EUK126","0"
"2440","6.496246631971458E-4","2","OTU-EUK96","matrix_2","OTU-EUK96","0","OTU-EUK96","2","5","false","OTU-EUK96","0"
"2442","9.877274515205243E-5","3","otu1206","matrix_1","otu1206","3","otu1206","0","5","false","otu1206","0"
"2444","0.0037759880770975385","3","otu266","matrix_1","otu266","3","otu266","0","7","false","otu266","0"
"2446","3.6706561254058956E-4","2","OTU-EUK435","matrix_2","OTU-EUK435","0","OTU-EUK435","2","6","false","OTU-EUK435","0"
"2452","1.3127712317350109E-4","1","otu1533","matrix_1","otu1533","0","otu1533","1","5","false","otu1533","0"
"2453","2.1709252327055948E-4","1","OTU-EUK778","matrix_2","OTU-EUK778","0","OTU-EUK778","1","6","false","OTU-EUK778","0"
"2458","3.3241719246285457E-4","1","otu801","matrix_1","otu801","0","otu801","1","5","false","otu801","0"
"2460","0.009500118550148175","2","otu151","matrix_1","otu151","0","otu151","2","9","false","otu151","0"
"2462","0.00366617167261735","2","OTU-EUK338","matrix_2","OTU-EUK338","1","OTU-EUK338","1","6","false","OTU-EUK338","0"
"2468","4.140872992763284E-4","2","otu835","matrix_1","otu835","0","otu835","2","7","false","otu835","0"
"2474","1.2172789441005705E-4","1","OTU-EUK1893","matrix_2","OTU-EUK1893","0","OTU-EUK1893","1","6","false","OTU-EUK1893","0"
"2475","7.856399608877139E-5","1","otu6255","matrix_1","otu6255","0","otu6255","1","5","false","otu6255","0"
"2481","0.016747849923613185","1","otu188","matrix_1","otu188","0","otu188","1","10","false","otu188","0"
"2484","0.027080529476328847","1","otu58","matrix_1","otu58","1","otu58","0","10","false","otu58","0"
"2489","0.029822172003898167","1","OTU-EUK71","matrix_2","OTU-EUK71","0","OTU-EUK71","1","10","false","OTU-EUK71","0"
"2493","3.1422430845111534E-4","1","otu923","matrix_1","otu923","1","otu923","0","6","false","otu923","0"
"2500","0.0056009232132678","1","otu170","matrix_1","otu170","0","otu170","1","10","false","otu170","0"
"2502","0.0019971440758838857","1","otu493","matrix_1","otu493","0","otu493","1","9","false","otu493","0"
"2504","0.001770198127393454","1","OTU-EUK326","matrix_2","OTU-EUK326","0","OTU-EUK326","1","7","false","OTU-EUK326","0"
"2508","0.02099740963192652","1","otu89","matrix_1","otu89","0","otu89","1","10","false","otu89","0"
"2513","0.006685701370380797","3","OTU-EUK104","matrix_2","OTU-EUK104","0","OTU-EUK104","3","8","false","OTU-EUK104","0"
"2515","0.15721431298154342","1","otu5","matrix_1","otu5","0","otu5","1","10","false","otu5","0"
"2517","0.0011020004634829641","2","otu343","matrix_1","otu343","2","otu343","0","6","false","otu343","0"
"2519","1.8841679111571914E-4","1","otu1849","matrix_1","otu1849","0","otu1849","1","5","false","otu1849","0"
"2522","0.026713994823842607","1","otu64","matrix_1","otu64","1","otu64","0","10","false","otu64","0"
"2523","5.503903499828763E-5","1","OTU-EUK1475","matrix_2","OTU-EUK1475","1","OTU-EUK1475","0","5","false","OTU-EUK1475","0"
"2526","7.934243784271281E-5","1","otu4677","matrix_1","otu4677","0","otu4677","1","5","false","otu4677","0"
"2528","0.005239271272623365","4","OTU-EUK256","matrix_2","OTU-EUK256","1","OTU-EUK256","3","9","false","OTU-EUK256","0"
"2531","0.0510067460406761","2","OTU-EUK16","matrix_2","OTU-EUK16","0","OTU-EUK16","2","9","false","OTU-EUK16","0"
"2537","7.715776237645704E-4","1","OTU-EUK408","matrix_2","OTU-EUK408","0","OTU-EUK408","1","6","false","OTU-EUK408","0"
"2553","4.265881078897699E-4","2","otu991","matrix_1","otu991","0","otu991","2","5","false","otu991","0"
"2556","8.255433853322604E-4","1","otu710","matrix_1","otu710","0","otu710","1","9","false","otu710","0"
"2558","0.013723794875754114","7","OTU-EUK55","matrix_2","OTU-EUK55","7","OTU-EUK55","0","7","false","OTU-EUK55","0"
"2563","6.411699958841225E-4","1","OTU-EUK420","matrix_2","OTU-EUK420","0","OTU-EUK420","1","5","false","OTU-EUK420","0"
"2565","2.5987086014059546E-4","2","otu1296","matrix_1","otu1296","0","otu1296","2","6","false","otu1296","0"
"2570","0.001184737249265728","1","OTU-EUK413","matrix_2","OTU-EUK413","0","OTU-EUK413","1","7","false","OTU-EUK413","0"
"2576","6.746790334466674E-4","2","otu629","matrix_1","otu629","1","otu629","1","7","false","otu629","0"
"2581","0.005958144493915171","1","otu153","matrix_1","otu153","0","otu153","1","10","false","otu153","0"
"2599","0.006758215010324043","4","OTU-EUK152","matrix_2","OTU-EUK152","0","OTU-EUK152","4","8","false","OTU-EUK152","0"
"2604","9.370756625383008E-5","1","otu1515","matrix_1","otu1515","1","otu1515","0","5","false","otu1515","0"
"2610","0.002402844603359437","1","otu249","matrix_1","otu249","1","otu249","0","7","false","otu249","0"
"2612","4.28933571465677E-4","1","otu764","matrix_1","otu764","1","otu764","0","7","false","otu764","0"
"2614","6.430058293263627E-4","1","OTU-EUK302","matrix_2","OTU-EUK302","0","OTU-EUK302","1","7","false","OTU-EUK302","0"
"2617","4.913264014707973E-4","1","OTU-EUK578","matrix_2","OTU-EUK578","1","OTU-EUK578","0","5","false","OTU-EUK578","0"
"2619","0.010877396640309457","1","OTU-EUK140","matrix_2","OTU-EUK140","1","OTU-EUK140","0","7","false","OTU-EUK140","0"
"2623","0.0027457167993593275","1","OTU-EUK235","matrix_2","OTU-EUK235","1","OTU-EUK235","0","7","false","OTU-EUK235","0"
"2627","3.33985993764518E-4","1","otu407","matrix_1","otu407","0","otu407","1","7","false","otu407","0"
"2634","2.1871413319816325E-4","1","OTU-EUK451","matrix_2","OTU-EUK451","1","OTU-EUK451","0","5","false","OTU-EUK451","0"
"2637","1.3548983968082412E-4","2","otu698","matrix_1","otu698","0","otu698","2","5","false","otu698","0"
"2640","0.009834995492532398","1","OTU-EUK60","matrix_2","OTU-EUK60","0","OTU-EUK60","1","7","false","OTU-EUK60","0"
"2642","2.6835652771390505E-4","1","otu1689","matrix_1","otu1689","1","otu1689","0","7","false","otu1689","0"
"2649","0.009708741996909052","1","otu42","matrix_1","otu42","0","otu42","1","10","false","otu42","0"
"2651","1.5265056850003226E-4","1","OTU-EUK989","matrix_2","OTU-EUK989","0","OTU-EUK989","1","5","false","OTU-EUK989","0"
"2653","0.041007853581193805","2","otu40","matrix_1","otu40","0","otu40","2","9","false","otu40","0"
"2656","1.2413649236420632E-4","2","otu1316","matrix_1","otu1316","1","otu1316","1","5","false","otu1316","0"
"2662","4.002811425216484E-4","2","otu1265","matrix_1","otu1265","0","otu1265","2","9","false","otu1265","0"
"2666","0.010178279472797572","1","otu102","matrix_1","otu102","0","otu102","1","8","false","otu102","0"
"2671","0.0020064080351497164","1","otu291","matrix_1","otu291","1","otu291","0","6","false","otu291","0"
"2674","2.4857252743999643E-4","2","otu1090","matrix_1","otu1090","1","otu1090","1","5","false","otu1090","0"
"2679","5.291162385737502E-5","4","otu3370","matrix_1","otu3370","1","otu3370","3","5","false","otu3370","0"
"2681","0.0014358973888753","1","OTU-EUK328","matrix_2","OTU-EUK328","1","OTU-EUK328","0","6","false","OTU-EUK328","0"
"2683","4.391986272695689E-4","2","OTU-EUK609","matrix_2","OTU-EUK609","1","OTU-EUK609","1","6","false","OTU-EUK609","0"
"2684","2.7718996280150135E-4","1","otu377","matrix_1","otu377","1","otu377","0","7","false","otu377","0"
"2704","3.695840132263131E-4","1","otu1809","matrix_1","otu1809","1","otu1809","0","6","false","otu1809","0"
"2705","0.0020162961978018633","1","OTU-EUK33","matrix_2","OTU-EUK33","1","OTU-EUK33","0","8","false","OTU-EUK33","0"
"2710","2.1658207838868795E-4","1","otu382","matrix_1","otu382","0","otu382","1","5","false","otu382","0"
"2715","0.0010727126906315036","1","otu475","matrix_1","otu475","1","otu475","0","6","false","otu475","0"
"2725","0.0053753257071704275","3","otu120","matrix_1","otu120","3","otu120","0","8","false","otu120","0"
"2727","5.673900624277037E-5","2","otu10692","matrix_1","otu10692","0","otu10692","2","5","false","otu10692","0"
"2729","7.421282404591793E-5","1","otu4325","matrix_1","otu4325","1","otu4325","0","5","false","otu4325","0"
"2735","0.014764728347101911","1","otu164","matrix_1","otu164","1","otu164","0","10","false","otu164","0"
"2737","6.09748839064666E-4","1","otu1088","matrix_1","otu1088","0","otu1088","1","9","false","otu1088","0"
"2743","0.007693750812534523","2","otu162","matrix_1","otu162","2","otu162","0","5","false","otu162","0"
"2745","1.1625954837093034E-4","1","otu1732","matrix_1","otu1732","0","otu1732","1","6","false","otu1732","0"
"2748","2.291557417504445E-4","3","otu1562","matrix_1","otu1562","0","otu1562","3","7","false","otu1562","0"
"2749","0.008168167179105599","1","OTU-EUK101","matrix_2","OTU-EUK101","0","OTU-EUK101","1","10","false","OTU-EUK101","0"
"2751","4.119956050884497E-4","1","otu708","matrix_1","otu708","1","otu708","0","6","false","otu708","0"
"2765","6.468535611203743E-4","1","otu782","matrix_1","otu782","1","otu782","0","7","false","otu782","0"
"2767","1.398187834819841E-4","1","otu1494","matrix_1","otu1494","0","otu1494","1","5","false","otu1494","0"
"2772","1.7861139141308897E-4","1","otu2689","matrix_1","otu2689","0","otu2689","1","7","false","otu2689","0"
"2774","1.0801519454154034E-4","1","otu1887","matrix_1","otu1887","1","otu1887","0","5","false","otu1887","0"
"2775","0.0013714500274510262","1","OTU-EUK366","matrix_2","OTU-EUK366","1","OTU-EUK366","0","6","false","OTU-EUK366","0"
"2777","4.5198859899486446E-4","1","otu641","matrix_1","otu641","0","otu641","1","8","false","otu641","0"
"2780","0.004775935258006935","1","OTU-EUK205","matrix_2","OTU-EUK205","0","OTU-EUK205","1","8","false","OTU-EUK205","0"
"2782","6.217252285019285E-4","1","OTU-EUK449","matrix_2","OTU-EUK449","0","OTU-EUK449","1","8","false","OTU-EUK449","0"
"2790","1.3622865937934213E-4","1","otu2755","matrix_1","otu2755","1","otu2755","0","5","false","otu2755","0"
"2797","3.0076937076606124E-4","1","OTU-EUK723","matrix_2","OTU-EUK723","0","OTU-EUK723","1","5","false","OTU-EUK723","0"
"2807","3.5474470725173004E-4","3","OTU-EUK492","matrix_2","OTU-EUK492","0","OTU-EUK492","3","6","false","OTU-EUK492","0"
"2810","8.031457627544918E-4","2","OTU-EUK608","matrix_2","OTU-EUK608","1","OTU-EUK608","1","8","false","OTU-EUK608","0"
"2812","8.847818922865594E-5","2","otu218","matrix_1","otu218","2","otu218","0","5","false","otu218","0"
"2814","4.6208187059140575E-4","1","otu586","matrix_1","otu586","1","otu586","0","7","false","otu586","0"
"2818","6.706374554100973E-4","1","otu584","matrix_1","otu584","1","otu584","0","6","false","otu584","0"
"2821","1.6137901797895184E-4","2","otu753","matrix_1","otu753","0","otu753","2","5","false","otu753","0"
"2823","2.9701477594091136E-4","1","otu518","matrix_1","otu518","1","otu518","0","7","false","otu518","0"
"2827","0.0036978948149136476","1","OTU-EUK289","matrix_2","OTU-EUK289","1","OTU-EUK289","0","7","false","OTU-EUK289","0"
"2830","0.008481888062909494","2","OTU-EUK70","matrix_2","OTU-EUK70","0","OTU-EUK70","2","9","false","OTU-EUK70","0"
"2836","4.403449461367824E-4","1","otu576","matrix_1","otu576","1","otu576","0","6","false","otu576","0"
"2838","0.02130824072848355","2","OTU-EUK40","matrix_2","OTU-EUK40","0","OTU-EUK40","2","10","false","OTU-EUK40","0"
"2839","2.111354709608895E-4","1","otu1623","matrix_1","otu1623","0","otu1623","1","7","false","otu1623","0"
"2841","0.017056776723613637","2","OTU-EUK64","matrix_2","OTU-EUK64","1","OTU-EUK64","1","5","false","OTU-EUK64","0"
"2844","0.001495567464050163","1","otu270","matrix_1","otu270","0","otu270","1","8","false","otu270","0"
"2850","0.0010046899049111178","1","otu741","matrix_1","otu741","0","otu741","1","7","false","otu741","0"
"2854","0.0012341622632422214","1","otu207","matrix_1","otu207","1","otu207","0","6","false","otu207","0"
"2859","1.819732189913671E-4","1","otu3096","matrix_1","otu3096","0","otu3096","1","5","false","otu3096","0"
"2863","0.007131399058137501","2","OTU-EUK197","matrix_2","OTU-EUK197","0","OTU-EUK197","2","10","false","OTU-EUK197","0"
"2866","4.145622333067244E-4","1","OTU-EUK463","matrix_2","OTU-EUK463","0","OTU-EUK463","1","6","false","OTU-EUK463","0"
"2872","0.016835331029623153","1","otu44","matrix_1","otu44","0","otu44","1","10","false","otu44","0"
"2875","4.4444481021837926E-4","1","OTU-EUK1167","matrix_2","OTU-EUK1167","0","OTU-EUK1167","1","5","false","OTU-EUK1167","0"
"2876","1.1514533031279068E-4","1","otu2388","matrix_1","otu2388","0","otu2388","1","5","false","otu2388","0"
"2879","0.005642578106293943","1","OTU-EUK28","matrix_2","OTU-EUK28","0","OTU-EUK28","1","9","false","OTU-EUK28","0"
"2881","2.607702295839596E-4","1","OTU-EUK969","matrix_2","OTU-EUK969","0","OTU-EUK969","1","6","false","OTU-EUK969","0"
"2885","2.787351877615017E-4","1","otu1013","matrix_1","otu1013","1","otu1013","0","6","false","otu1013","0"
"2887","9.623769891551192E-4","1","OTU-EUK286","matrix_2","OTU-EUK286","1","OTU-EUK286","0","9","false","OTU-EUK286","0"
"2904","3.2744303752336697E-4","1","OTU-EUK733","matrix_2","OTU-EUK733","1","OTU-EUK733","0","6","false","OTU-EUK733","0"
"2908","4.0329588076546134E-4","1","OTU-EUK849","matrix_2","OTU-EUK849","0","OTU-EUK849","1","5","false","OTU-EUK849","0"
"2910","0.004439749165214906","1","OTU-EUK186","matrix_2","OTU-EUK186","0","OTU-EUK186","1","9","false","OTU-EUK186","0"
"2915","0.0042913421567204995","1","otu214","matrix_1","otu214","1","otu214","0","9","false","otu214","0"
"2917","0.21244053335344934","1","otu2","matrix_1","otu2","0","otu2","1","10","false","otu2","0"
"2919","8.126949071400687E-5","1","OTU-EUK1149","matrix_2","OTU-EUK1149","1","OTU-EUK1149","0","5","false","OTU-EUK1149","0"
"2935","0.0028424798641081403","1","OTU-EUK177","matrix_2","OTU-EUK177","0","OTU-EUK177","1","8","false","OTU-EUK177","0"
"2939","0.0025850858733337777","1","OTU-EUK361","matrix_2","OTU-EUK361","1","OTU-EUK361","0","8","false","OTU-EUK361","0"
"2941","1.5996690035893071E-4","1","OTU-EUK745","matrix_2","OTU-EUK745","1","OTU-EUK745","0","5","false","OTU-EUK745","0"
"2954","1.8924462155149883E-4","1","otu1343","matrix_1","otu1343","1","otu1343","0","6","false","otu1343","0"
"2963","1.698411053563612E-4","1","otu1550","matrix_1","otu1550","1","otu1550","0","5","false","otu1550","0"
"2974","0.0015708851475248053","1","otu250","matrix_1","otu250","1","otu250","0","6","false","otu250","0"
"2976","0.0028648682194067844","1","otu289","matrix_1","otu289","0","otu289","1","9","false","otu289","0"
"2982","0.008267777544525517","1","OTU-EUK145","matrix_2","OTU-EUK145","0","OTU-EUK145","1","10","false","OTU-EUK145","0"
"2986","1.8842643000745177E-4","1","otu1209","matrix_1","otu1209","0","otu1209","1","5","false","otu1209","0"
"2988","4.4371633925037435E-4","1","OTU-EUK1278","matrix_2","OTU-EUK1278","0","OTU-EUK1278","1","8","false","OTU-EUK1278","0"
"2992","0.001125181998727817","1","otu463","matrix_1","otu463","0","otu463","1","7","false","otu463","0"
"2996","9.254405721224434E-4","1","OTU-EUK450","matrix_2","OTU-EUK450","0","OTU-EUK450","1","7","false","OTU-EUK450","0"
"3009","1.8400933039755158E-4","1","otu1965","matrix_1","otu1965","0","otu1965","1","5","false","otu1965","0"
"3016","0.0027713946551123775","1","otu374","matrix_1","otu374","0","otu374","1","9","false","otu374","0"
"3020","9.891886344384692E-4","1","OTU-EUK602","matrix_2","OTU-EUK602","0","OTU-EUK602","1","8","false","OTU-EUK602","0"
"3022","2.3842309270238126E-4","1","otu578","matrix_1","otu578","1","otu578","0","5","false","otu578","0"
"3023","0.0011153853108125471","1","OTU-EUK547","matrix_2","OTU-EUK547","1","OTU-EUK547","0","6","false","OTU-EUK547","0"
"3026","0.006293982390494584","1","otu150","matrix_1","otu150","0","otu150","1","10","false","otu150","0"
"3029","0.003047456139329686","1","OTU-EUK136","matrix_2","OTU-EUK136","1","OTU-EUK136","0","5","false","OTU-EUK136","0"
"3032","0.0010143683720749397","1","otu268","matrix_1","otu268","1","otu268","0","10","false","otu268","0"
"3036","9.956095974527482E-4","1","OTU-EUK324","matrix_2","OTU-EUK324","1","OTU-EUK324","0","7","false","OTU-EUK324","0"
"3043","1.3145654720556112E-4","1","otu3244","matrix_1","otu3244","0","otu3244","1","6","false","otu3244","0"
"3045","8.095255411940617E-4","3","otu247","matrix_1","otu247","3","otu247","0","5","false","otu247","0"
"3054","9.25410221483671E-4","1","OTU-EUK309","matrix_2","OTU-EUK309","1","OTU-EUK309","0","8","false","OTU-EUK309","0"
"3071","0.0012038924870743793","1","OTU-EUK217","matrix_2","OTU-EUK217","0","OTU-EUK217","1","7","false","OTU-EUK217","0"
"3073","1.2212517329321712E-4","1","OTU-EUK994","matrix_2","OTU-EUK994","0","OTU-EUK994","1","5","false","OTU-EUK994","0"
"3081","0.0013904727798813806","1","otu449","matrix_1","otu449","1","otu449","0","6","false","otu449","0"
"3083","0.005829026341971249","1","OTU-EUK198","matrix_2","OTU-EUK198","0","OTU-EUK198","1","9","false","OTU-EUK198","0"
"3097","0.10623938553810565","1","otu14","matrix_1","otu14","0","otu14","1","10","false","otu14","0"
"3104","0.0014188274334599792","2","OTU-EUK397","matrix_2","OTU-EUK397","0","OTU-EUK397","2","6","false","OTU-EUK397","0"
"3106","5.553986141128089E-4","1","otu716","matrix_1","otu716","1","otu716","0","5","false","otu716","0"
"3108","0.06926624707899724","1","OTU-EUK53","matrix_2","OTU-EUK53","1","OTU-EUK53","0","10","false","OTU-EUK53","0"
"3115","0.001720351719558706","1","otu428","matrix_1","otu428","1","otu428","0","10","false","otu428","0"
"3116","2.759102366494367E-4","1","OTU-EUK647","matrix_2","OTU-EUK647","1","OTU-EUK647","0","6","false","OTU-EUK647","0"
"3125","0.02032667662699406","1","OTU-EUK44","matrix_2","OTU-EUK44","0","OTU-EUK44","1","10","false","OTU-EUK44","0"
"3128","0.022397226358121542","1","otu54","matrix_1","otu54","0","otu54","1","9","false","otu54","0"
"3130","0.010275000272995148","1","OTU-EUK49","matrix_2","OTU-EUK49","0","OTU-EUK49","1","10","false","OTU-EUK49","0"
"3133","0.0017695219348562445","1","OTU-EUK566","matrix_2","OTU-EUK566","1","OTU-EUK566","0","5","false","OTU-EUK566","0"
"3142","2.1622992679459725E-4","1","otu1123","matrix_1","otu1123","1","otu1123","0","6","false","otu1123","0"
"3145","0.005002028256424188","1","otu193","matrix_1","otu193","0","otu193","1","10","false","otu193","0"
"3158","0.005220670708066726","1","OTU-EUK118","matrix_2","OTU-EUK118","1","OTU-EUK118","0","9","false","OTU-EUK118","0"
"3163","6.862383664895984E-4","1","OTU-EUK355","matrix_2","OTU-EUK355","0","OTU-EUK355","1","8","false","OTU-EUK355","0"
"3168","4.887570022751139E-4","1","OTU-EUK623","matrix_2","OTU-EUK623","1","OTU-EUK623","0","6","false","OTU-EUK623","0"
"3172","1.8829128295138204E-4","2","otu365","matrix_1","otu365","2","otu365","0","5","false","otu365","0"
"3176","0.0013055897459816987","1","otu413","matrix_1","otu413","1","otu413","0","7","false","otu413","0"
"3179","0.0026386848741241204","1","otu443","matrix_1","otu443","0","otu443","1","8","false","otu443","0"
"3183","2.605650688572547E-4","1","otu723","matrix_1","otu723","0","otu723","1","7","false","otu723","0"
"3187","0.0010303464794339675","1","otu620","matrix_1","otu620","0","otu620","1","8","false","otu620","0"
"3193","0.0038481963299734044","2","otu263","matrix_1","otu263","2","otu263","0","7","false","otu263","0"
"3197","0.0036939051991216544","1","otu310","matrix_1","otu310","0","otu310","1","10","false","otu310","0"
"3202","2.7540627337680135E-4","1","OTU-EUK1516","matrix_2","OTU-EUK1516","0","OTU-EUK1516","1","5","false","OTU-EUK1516","0"
"3207","0.001713664741631384","1","otu634","matrix_1","otu634","0","otu634","1","8","false","otu634","0"
"3211","0.027095674180407366","2","OTU-EUK37","matrix_2","OTU-EUK37","0","OTU-EUK37","2","7","false","OTU-EUK37","0"
"3221","2.4181056277046837E-4","1","otu1967","matrix_1","otu1967","0","otu1967","1","7","false","otu1967","0"
"3229","0.006283359576895022","1","otu333","matrix_1","otu333","0","otu333","1","7","false","otu333","0"
"3234","3.9150551215707895E-4","1","OTU-EUK574","matrix_2","OTU-EUK574","0","OTU-EUK574","1","6","false","OTU-EUK574","0"
"3254","0.15420952172971986","1","otu20","matrix_1","otu20","1","otu20","0","10","false","otu20","0"
"3256","3.6767685565407287E-4","1","otu678","matrix_1","otu678","1","otu678","0","6","false","otu678","0"
"3260","0.005322760051636315","1","OTU-EUK166","matrix_2","OTU-EUK166","0","OTU-EUK166","1","9","false","OTU-EUK166","0"
"3266","1.0927406827581279E-4","1","otu3985","matrix_1","otu3985","0","otu3985","1","5","false","otu3985","0"
"3268","1.2753546332053403E-4","1","otu2473","matrix_1","otu2473","1","otu2473","0","5","false","otu2473","0"
"3272","0.009272015500687581","1","otu112","matrix_1","otu112","0","otu112","1","9","false","otu112","0"
"3275","8.178476791989285E-4","1","otu660","matrix_1","otu660","0","otu660","1","5","false","otu660","0"
"3293","2.0617949749126942E-4","1","otu1760","matrix_1","otu1760","0","otu1760","1","6","false","otu1760","0"
"3298","7.382494989507308E-5","1","otu6994","matrix_1","otu6994","0","otu6994","1","5","false","otu6994","0"
"3308","1.5380534972434808E-4","1","otu2338","matrix_1","otu2338","0","otu2338","1","7","false","otu2338","0"
"3319","9.023414778148643E-4","1","otu480","matrix_1","otu480","1","otu480","0","8","false","otu480","0"
"3323","0.003235070795048275","1","otu223","matrix_1","otu223","0","otu223","1","10","false","otu223","0"
"3327","5.788468886126745E-4","1","otu762","matrix_1","otu762","0","otu762","1","8","false","otu762","0"
"3329","0.003942303408188046","1","OTU-EUK180","matrix_2","OTU-EUK180","1","OTU-EUK180","0","8","false","OTU-EUK180","0"
"3330","6.194084007569283E-4","1","otu536","matrix_1","otu536","1","otu536","0","8","false","otu536","0"
"3343","0.002583466090230889","1","otu306","matrix_1","otu306","1","otu306","0","6","false","otu306","0"
"3350","6.085519994482187E-4","1","otu353","matrix_1","otu353","1","otu353","0","7","false","otu353","0"
"3361","2.4205740721182145E-4","1","OTU-EUK927","matrix_2","OTU-EUK927","1","OTU-EUK927","0","6","false","OTU-EUK927","0"
